url,motivo
https://portal.anhembi.br/blog/areas-de-marketing/,"notícia, curso, produto ou institucional que nunca rendeu vaga"
https://blog.ipog.edu.br/engenharia-e-arquitetura/10-carreiras-em-arquitetura-que-voce-pode-seguir-depois-de-se-formar/,artigo de lista editorial (ex.: '10 carreiras para...')
https://www.posead.saocamilo.br/10-profissoes-para-quem-gosta-de-historia-da-arte/noticia/1091,artigo de lista editorial (ex.: '10 carreiras para...')
https://ibsec.com.br/10-carreiras-que-voce-pode-seguir-em-ciberseguranca/,artigo de lista editorial (ex.: '10 carreiras para...')
https://kiteexperience.com.br/products/2026-08-01-cumbuco-kite-experience,"produto, loja ou curso, não é página de vagas"
https://kiteexperience.com.br/products/2026-09-28-filho-do-vento-kite-experience,"produto, loja ou curso, não é página de vagas"
https://kiteexperience.com.br/products/2026-10-12-jeri-wing-experience,"produto, loja ou curso, não é página de vagas"
https://kiteexperience.com.br/products/2026-10-19-kite-wing-girls-experience,"produto, loja ou curso, não é página de vagas"
https://www.archdaily.com/pt/799789/21-carreiras-que-voce-pode-seguir-apos-se-formar-em-arquitetura,artigo de lista editorial (ex.: '10 carreiras para...')
https://www.drjobpro.com/brazil/jobs/21793-gerente-de-projetos-rio-de-janeiro-hitss-brasil-MRVN8ADJ16QDS5K,site de vagas do exterior (vagas barradas como fora do Brasil)
https://www.unisa.br/blog/5-areas-da-medicina-veterinaria-para-seguir-carreira-alem-de-clinicas-de-pets/,artigo de lista editorial (ex.: '10 carreiras para...')
https://www.audilink.com.br/index.php/br/5-coisas-que-voce-precisa-saber-sobre-a-auditoria-independente,artigo de lista editorial (ex.: '10 carreiras para...')
https://www.tecnicageracao.com.br/blog/5-motivos-para-cursar-analises-clinicas-conheca-as-vantagens-de-seguir-carreira-na-area/,artigo de lista editorial (ex.: '10 carreiras para...')
https://unisportbrasil.com.br/5-carreiras-para-atuar-na-area-esportiva-conheca/,artigo de lista editorial (ex.: '10 carreiras para...')
https://clickpetroleoegas.com.br/5-carreiras-para-quem-tem-carteira-de-habilitacao-nautica-no-brasil-btl96/,artigo de lista editorial (ex.: '10 carreiras para...')
https://marilianoticia.com.br/noticias/5-suculentas-raras-que-colecionadores-brasileiros-estao-buscando-g4/,"notícia, curso, produto ou institucional que nunca rendeu vaga"
https://www.moura.com.br/blog/bicicleta-eletrica-vantagens,"notícia, curso, produto ou institucional que nunca rendeu vaga"
https://www.uva.br/postagens/6-carreiras-de-sucesso-na-area-de-arquitetura-e-urbanismo/,artigo de lista editorial (ex.: '10 carreiras para...')
https://meeventos.com.br/blog/6-dicas-infaliveis-para-empresas-de-som-e-iluminacao-para-eventos,artigo de lista editorial (ex.: '10 carreiras para...')
https://www.terra.com.br/economia/meu-negocio/7-dicas-de-especialistas-para-quem-quer-se-destacar-como-manicure,artigo de lista editorial (ex.: '10 carreiras para...')
https://www.blok.com.br/blog/aplicacao-de-manta-asfaltica,"notícia, curso, produto ou institucional que nunca rendeu vaga"
https://revistapegn.globo.com/startups/noticia/2026/03/9-startups-brasileiras-podem-se-tornar-unicornios-em-breve-diz-mapeamento-conheca.ghtml,artigo datado sem nenhuma palavra de vaga na URL
https://forbes.com.br/forbes-agro/2025/07/a-ciencia-que-vale-bilhoes-como-a-soja-sustenta-o-agro-e-a-industria/,artigo datado sem nenhuma palavra de vaga na URL
https://vozes.com.br/blog/a-covid-19-a-mae-terra-contra-ataca,"notícia, curso, produto ou institucional que nunca rendeu vaga"
https://monitordomercado.com.br/noticias/384650-a-fonte-de-energia-que-cresce-no-brasil-e-esta-criando-novas-profissoes-longe-dos-escritorios-tradicionais/,"notícia, curso, produto ou institucional que nunca rendeu vaga"
https://labnoticias.jor.br/2025/04/30/a-gente-vive-para-contar-historias-erica-salazar-fala-sobre-trajetoria-profissional-e-perspectiva-no-jornalismo/,artigo datado sem nenhuma palavra de vaga na URL
https://liratenisclube.com.br/blog/historia-do-tenis/,"notícia, curso, produto ou institucional que nunca rendeu vaga"
https://www.furacon.com.br/blog/importancia-da-manutencao-em-silos-e-armazens-de-graos-para-evitar-explosoes/,"notícia, curso, produto ou institucional que nunca rendeu vaga"
https://www.feirainovaplastic.com.br/pt-br/blog/industria-de-base-e-transformadores/a-industria-de-transformacao-e-a-reciclagem-de-materiais-plastic.html,"notícia, curso, produto ou institucional que nunca rendeu vaga"
https://www.travessa.com.br/a-ourivesaria-e-a-joalheria-luso-brasileira-nas-colecoes-particulares-do-brasil/artigo/c6c6daca-8a37-4d60-be89-a8b450202e79,"notícia, curso, produto ou institucional que nunca rendeu vaga"
https://www.abesalimentos.com.br/contato/,"notícia, curso, produto ou institucional que nunca rendeu vaga"
https://abapa.com.br/noticias/abapa-celebra-o-dia-mundial-do-algodao-com-campanha-acional-e-depoimentos-de-familias-produtoras/,"notícia, curso, produto ou institucional que nunca rendeu vaga"
https://cargos.com.br/cargo/abastecedor-de-silos-de-carvao/,"descrição de cargo (salário médio, atribuições), sem vaga"
https://www.gazetavg.com.br/2025/09/26/abel-e-exemplo-de-empreendedorismo/,artigo datado sem nenhuma palavra de vaga na URL
https://angelorigon.com.br/2026/03/18/abertas-inscricoes-para-curso-gratuito-de-eletricidade-para-iluminacao-cenica/,artigo datado sem nenhuma palavra de vaga na URL
https://www.linkedin.com/feed/update/urn:li:activity:7485706828853510145,"categoria, tag, autor ou feed de blog"
https://www.dismatal.com.br/produto/abraadeiratipoborboleta45mma64mmfitacom145mmdelargura20peasflexilfan5164suprens/30748,"produto, loja ou curso, não é página de vagas"
https://cargos.com.br/cargo/acabador-de-macho-na-fundicao/,"descrição de cargo (salário médio, atribuições), sem vaga"
https://cargos.com.br/cargo/acabador-de-moldes-fundicao/,"descrição de cargo (salário médio, atribuições), sem vaga"
https://cargos.com.br/cargo/acabador-de-superficies-de-concreto/,"descrição de cargo (salário médio, atribuições), sem vaga"
https://www1.folha.uol.com.br/mpme/2020/04/academias-alugam-equipamentos-para-sobreviver-a-crise-do-coronavirus.shtml,artigo datado sem nenhuma palavra de vaga na URL
https://institutofuturos.org.br/editais/aceleracao-musical-labsonica/,"notícia, curso, produto ou institucional que nunca rendeu vaga"
https://www.linkedin.com/feed/update/urn:li:activity:7473494765196566529,"categoria, tag, autor ou feed de blog"
https://cargos.com.br/cargo/acepilhador-de-metais/,"descrição de cargo (salário médio, atribuições), sem vaga"
https://garen.com.br/categoria/cercas-eletricas/acessorios-cercas-eletricas/,"categoria, tag, autor ou feed de blog"
https://www.aircyclo.com.br/produto/acoplamento-elastico-tipo-teteflex,"produto, loja ou curso, não é página de vagas"
https://www.acoplamentosgrooved.com.br/produto/acoplamentos/acoplamento-engrenagem,"produto, loja ou curso, não é página de vagas"
https://www.smar.com.br/pt/produto/acp301-atuador-cilindrico-pneumatico,"produto, loja ou curso, não é página de vagas"
https://www.polierg.com.br/produtos/item/adaptador-pead-de-63-mm-com-ponta-lisa-de-transicao-para-o-pvc-pba-63-mm,"produto, loja ou curso, não é página de vagas"
https://www.mc-bauchemie.com.br/produtos/aditivos-para-argamassa/,"produto, loja ou curso, não é página de vagas"
https://www.mc-bauchemie.com.br/produtos/aditivos-para-concreto/,"produto, loja ou curso, não é página de vagas"
https://cargos.com.br/cargo/advogado-empresarial/,"descrição de cargo (salário médio, atribuições), sem vaga"
https://anhembisorocaba.com.br/blog/advogado-empresarial/,"notícia, curso, produto ou institucional que nunca rendeu vaga"
https://apps.aems.edu.br/extensao/curso/3927,"produto, loja ou curso, não é página de vagas"
https://cargos.com.br/cargo/afiador-de-cutelaria/,"descrição de cargo (salário médio, atribuições), sem vaga"
https://cargos.com.br/cargo/afiador-de-tesouras-inclusive-ambulante/,"descrição de cargo (salário médio, atribuições), sem vaga"
https://agazeta.net/wp-content/uploads/2026/02/COMUNICADO-PS-002-2026-Aviso-Jornal.pdf,"arquivo (PDF, documento ou imagem), não é página"
https://agazeta.net/wp-content/uploads/2026/09/COMUNICADO-PS-020-2026-Aviso-Jornal.pdf,"arquivo (PDF, documento ou imagem), não é página"
https://cargos.com.br/cargo/agente-de-inspecao-qualidade/,"descrição de cargo (salário médio, atribuições), sem vaga"
https://www.bba.ind.br/pt-br/products/proteinic-foaming-agent-including-firefighting-foams/,"produto, loja ou curso, não é página de vagas"
https://www.agrobase.com.br/concursos/wp-content/uploads/sites/4/2026/06/edital-348-2026-da-unesp-sp.pdf,"arquivo (PDF, documento ou imagem), não é página"
https://irapurupetcenter.com.br/product/agulha-descartavel-25x08/,"produto, loja ou curso, não é página de vagas"
https://dermrio.com.br/product/agulhas-40x120-100uni/,"produto, loja ou curso, não é página de vagas"
https://www.linkedin.com/feed/update/urn:li:activity:7505712259067801601,"categoria, tag, autor ou feed de blog"
https://cargos.com.br/cargo/ajudante-de-despachante-aduaneiro/,"descrição de cargo (salário médio, atribuições), sem vaga"
https://cargos.com.br/cargo/ajudante-de-estruturas-metalicas/,"descrição de cargo (salário médio, atribuições), sem vaga"
https://cargos.com.br/cargo/ajudante-de-evaporador-na-destilacao/,"descrição de cargo (salário médio, atribuições), sem vaga"
https://cargos.com.br/cargo/ajudante-de-extrusao-de-fibras-de-vidro/,"descrição de cargo (salário médio, atribuições), sem vaga"
https://cargos.com.br/cargo/ajudante-de-lapidador-vidros/,"descrição de cargo (salário médio, atribuições), sem vaga"
https://cargos.com.br/cargo/ajudante-de-lavador-de-tapetes/,"descrição de cargo (salário médio, atribuições), sem vaga"
https://cargos.com.br/cargo/ajudante-de-marteleteiro/,"descrição de cargo (salário médio, atribuições), sem vaga"
https://cargos.com.br/cargo/ajudante-de-pintor/,"descrição de cargo (salário médio, atribuições), sem vaga"
https://cargos.com.br/cargo/ajudante-de-producao-de-oleos-vegetais-na-ind-alimentar/,"descrição de cargo (salário médio, atribuições), sem vaga"
https://cargos.com.br/cargo/ajudante-de-serrador/,"descrição de cargo (salário médio, atribuições), sem vaga"
https://cargos.com.br/cargo/ajustador-de-instrumentos-de-precisao/,"descrição de cargo (salário médio, atribuições), sem vaga"
https://cargos.com.br/cargo/alambiqueiro/,"descrição de cargo (salário médio, atribuições), sem vaga"
https://alambre.com.br/produto/alambrado/,"produto, loja ou curso, não é página de vagas"
https://www1.folha.uol.com.br/colunas/vaivem/2026/03/oleo-de-soja-ganha-espaco-e-brasil-produz-124-milhoes-de-toneladas.shtml,artigo datado sem nenhuma palavra de vaga na URL
https://cargos.com.br/cargo/alimentador-de-rotativas/,"descrição de cargo (salário médio, atribuições), sem vaga"
https://cargos.com.br/cargo/alisador-de-metal/,"descrição de cargo (salário médio, atribuições), sem vaga"
https://www.linkedin.com/feed/update/urn:li:activity:7089239028847276032,"categoria, tag, autor ou feed de blog"
https://www.joinvilleonline.com.br/noticia/alta-empregabilidade-impulsiona-procura-pelo-curso-tecnico-em-plastico-do-senai-joinville,"notícia, curso, produto ou institucional que nunca rendeu vaga"
https://www.unoeste.br/Egressos/Noticias/2024/1/alunos-de-moda-formados-na-unoeste-tem-conquistado-o-mercado,artigo datado sem nenhuma palavra de vaga na URL
https://www.biolimpms.ind.br/produto/amaciante-de-roupas-e-tecidos-biosoft,"produto, loja ou curso, não é página de vagas"
https://www.jdtseguros.com.br/blog/ampliamos-nosso-portfolio-com-seguro-agricola/,"notícia, curso, produto ou institucional que nunca rendeu vaga"
https://etcr.com.br/curso/analises-clinicas/,"produto, loja ou curso, não é página de vagas"
https://www.unifoa.edu.br/pos-graduacao/analises-clinicas/,"produto, loja ou curso, não é página de vagas"
https://cargos.com.br/cargo/analista-de-trafego/,"descrição de cargo (salário médio, atribuições), sem vaga"
https://www.linkedin.com/feed/update/urn:li:activity:7178530571692720128,"categoria, tag, autor ou feed de blog"
https://emploive.com/jobs/3590439/analista-senior-de-inteligencia-de-mercado-whirlpool-corporation,site de vagas do exterior (vagas barradas como fora do Brasil)
https://hookeng.com.br/servicos/ancoragem-quimica/,"notícia, curso, produto ou institucional que nunca rendeu vaga"
https://www.andifes.org.br/wp-content/uploads/2026/09/EDITAL-OFERTA-COLETIVA_2SEM2026-1.pdf,"arquivo (PDF, documento ou imagem), não é página"
https://www.andifes.org.br/institucional/redeisf/,"notícia, curso, produto ou institucional que nunca rendeu vaga"
https://anexos-r2.selecao.net.br/uploads/590/concursos/63/anexos/d56a0220-ea5e-44c0-889f-7177669325d4.pdf,"arquivo (PDF, documento ou imagem), não é página"
https://cargos.com.br/cargo/animador-de-televisao/,"descrição de cargo (salário médio, atribuições), sem vaga"
https://forbes.com.br/forbes-money/2025/12/infomercial-galpoes-flexiveis-a-aposta-da-goodstorage-para-empresas-que-precisam-crescer-rapido-em-sao-paulo/,artigo datado sem nenhuma palavra de vaga na URL
https://antigo.inpa.gov.br/arquivos/portalfilepublisher/arquivosportalfilepublisher/ANEXO%20I_Chamada_P%C3%BAblica_03_PCI_INPA_2022.pdf,"arquivo (PDF, documento ou imagem), não é página"
https://www.otempo.com.br/brasil/2025/2/24/anvisa-proibe-venda-de-47-pomadas-para-modelar-cabelos-veja-lista,artigo datado sem nenhuma palavra de vaga na URL
https://www.tnh1.com.br/noticia/nid/aos-60-anos-ex-aluna-do-senac-monta-estudio-de-massagem-em-praca-publica-de-maceio/,"notícia, curso, produto ou institucional que nunca rendeu vaga"
https://cargos.com.br/cargo/apanhador-de-cafe/,"descrição de cargo (salário médio, atribuições), sem vaga"
https://cargos.com.br/cargo/aparelhador-de-pedra-marmore/,"descrição de cargo (salário médio, atribuições), sem vaga"
https://abapa.com.br/noticias/aperfeicoamento-em-soldagem-com-eletrodo-revestidos-tig-mig-mag/,"notícia, curso, produto ou institucional que nunca rendeu vaga"
https://api-lai.sebrae.com.br/ArquivosPortalLai/RJ/Manual%20SGP%209%200%20SEBRAE%20RJ%20.pdf,"arquivo (PDF, documento ou imagem), não é página"
https://www.yarabrasil.com.br/conteudo-agronomico/blog/estrategias-de-aplicacao-de-fertilizantes-banana/,"notícia, curso, produto ou institucional que nunca rendeu vaga"
https://cargos.com.br/cargo/aplicador-de-isolante-coberturas/,"descrição de cargo (salário médio, atribuições), sem vaga"
https://cargos.com.br/cargo/aplicador-de-isolante-termico/,"descrição de cargo (salário médio, atribuições), sem vaga"
https://cargos.com.br/cargo/aplicador-de-material-isolante-em-caldeiras-e-tubulacoes/,"descrição de cargo (salário médio, atribuições), sem vaga"
https://cargos.com.br/cargo/aplicador-de-sinteco-e-bona/,"descrição de cargo (salário médio, atribuições), sem vaga"
https://economiasa.com.br/blog/apos-se-aposentar-ela-encontrou-na-franquia-clube04-proposito-para-empreender-no-mercado-pet/,"notícia, curso, produto ou institucional que nunca rendeu vaga"
https://dominaconcursos.com.br/produto/apostila-engenheiro-de-aquicultura-fundacao-florestal-sp-2026/,"produto, loja ou curso, não é página de vagas"
https://www.apostilasopcao.com.br/blog/wp-content/uploads/2026/05/PMJD2501_306_20260506163723.pdf.pdf,"arquivo (PDF, documento ou imagem), não é página"
https://www.afe.com.br/artigos/aprenda-a-criar-camarao-de-agua-doce,"notícia, curso, produto ou institucional que nunca rendeu vaga"
https://cargos.com.br/cargo/arador/,"descrição de cargo (salário médio, atribuições), sem vaga"
https://cargos.com.br/cargo/aramador-na-fabricacao-de-arame/,"descrição de cargo (salário médio, atribuições), sem vaga"
https://cargos.com.br/cargo/arameiro-colocador-de-arames/,"descrição de cargo (salário médio, atribuições), sem vaga"
https://www.linkedin.com/feed/update/urn:li:activity:7444790661020639233,"categoria, tag, autor ou feed de blog"
https://www.linkedin.com/feed/update/urn:li:activity:7495094663432015873,"categoria, tag, autor ou feed de blog"
https://livel.com.br/sobre/aricelio-junior/,"notícia, curso, produto ou institucional que nunca rendeu vaga"
https://cargos.com.br/cargo/armador-de-estrutura-de-concreto/,"descrição de cargo (salário médio, atribuições), sem vaga"
https://cargos.com.br/cargo/armador-de-manilhas/,"descrição de cargo (salário médio, atribuições), sem vaga"
https://cargos.com.br/cargo/armador-de-telhados/,"descrição de cargo (salário médio, atribuições), sem vaga"
https://www.grainsystems.com/sa/pt/produtos/armazenagem-de-graos/,"produto, loja ou curso, não é página de vagas"
https://cotrijal.com.br/blog/armazenagem-de-graos-a-chave-para-lucratividade-e-qualidade-na-agricultura/,"notícia, curso, produto ou institucional que nunca rendeu vaga"
https://estudenapuc.pucpr.br/pos-graduacao/cursos/armazenamento-de-graos-com-enfase-em-gestao-e-qualidade-toledo/,"produto, loja ou curso, não é página de vagas"
https://limbersoftware.com.br/blog/armazenamento-de-graos/,"notícia, curso, produto ou institucional que nunca rendeu vaga"
https://cargos.com.br/cargo/aromista/,"descrição de cargo (salário médio, atribuições), sem vaga"
https://cargos.com.br/cargo/arquiteto-da-paisagem/,"descrição de cargo (salário médio, atribuições), sem vaga"
https://cargos.com.br/cargo/arquiteto-paisagista/,"descrição de cargo (salário médio, atribuições), sem vaga"
https://cargos.com.br/cargo/arquivador/,"descrição de cargo (salário médio, atribuições), sem vaga"
https://cargos.com.br/cargo/arquivista/,"descrição de cargo (salário médio, atribuições), sem vaga"
https://cargos.com.br/cargo/arquivista-pesquisador-jornalismo/,"descrição de cargo (salário médio, atribuições), sem vaga"
https://hidrolight.com.br/produtos/categoria/cordas-de-pular/,"categoria, tag, autor ou feed de blog"
https://azzolinidistribuidora.com.br/categorias/pomadas/,"categoria, tag, autor ou feed de blog"
https://institutogomesead.com.br/curso/arquivologia/,"produto, loja ou curso, não é página de vagas"
https://blogs.correiobraziliense.com.br/servidor/tag/cofres/,"categoria, tag, autor ou feed de blog"
https://cargos.com.br/cargo/arracoador-pecuaria-polivalente/,"descrição de cargo (salário médio, atribuições), sem vaga"
https://cargos.com.br/cargo/arreeiro-na-fabricacao/,"descrição de cargo (salário médio, atribuições), sem vaga"
https://cargos.com.br/cargo/arriador-de-filatorio/,"descrição de cargo (salário médio, atribuições), sem vaga"
https://cargos.com.br/cargo/arrumadeira-de-hotel/,"descrição de cargo (salário médio, atribuições), sem vaga"
https://cargos.com.br/cargo/artesao-ceramista/,"descrição de cargo (salário médio, atribuições), sem vaga"
https://cargos.com.br/cargo/artesao-crocheteiro/,"descrição de cargo (salário médio, atribuições), sem vaga"
https://cargos.com.br/cargo/artesao-moveleiro-exceto-reciclado/,"descrição de cargo (salário médio, atribuições), sem vaga"
https://cargos.com.br/cargo/artesao-tecelao/,"descrição de cargo (salário médio, atribuições), sem vaga"
https://cargos.com.br/cargo/artesao-tricoteiro/,"descrição de cargo (salário médio, atribuições), sem vaga"
https://cargos.com.br/cargo/artifice-do-couro/,"descrição de cargo (salário médio, atribuições), sem vaga"
https://mais.opovo.com.br/jornal/vidaearte/2026/07/07/artista-cearense-transforma-arte-de-cartazes-em-negocio-digital.html,artigo datado sem nenhuma palavra de vaga na URL
https://www.aimec.com.br/sobre/artistas-convidados/,"notícia, curso, produto ou institucional que nunca rendeu vaga"
https://omaringa.com.br/noticias/maringa/artistas-da-tela-documentario-sobre-pintores-de-cartazes-de-cinema/,"notícia, curso, produto ou institucional que nunca rendeu vaga"
https://vocenoqap.com.br/artigos/profissoes-monitoramento-eletronico-pf-2026.html,"notícia, curso, produto ou institucional que nunca rendeu vaga"
https://reparacaoautomotiva.com.br/2026/04/03/presenca-feminina-cresce-setor-automotivo-brasil/,artigo datado sem nenhuma palavra de vaga na URL
https://cargos.com.br/cargo/ascensorista/,"descrição de cargo (salário médio, atribuições), sem vaga"
https://cargos.com.br/cargo/asfaltador-na-conservacao-de-vias-permanentes-exceto-trilhos/,"descrição de cargo (salário médio, atribuições), sem vaga"
https://cargos.com.br/cargo/asperador-de-couro-no-acabamento-de-calcados/,"descrição de cargo (salário médio, atribuições), sem vaga"
https://cargos.com.br/cargo/asperador-de-solas-e-palmilhas/,"descrição de cargo (salário médio, atribuições), sem vaga"
https://cargos.com.br/cargo/assentador-de-canalizacao-edificacoes/,"descrição de cargo (salário médio, atribuições), sem vaga"
https://cargos.com.br/cargo/assentador-de-manilhas/,"descrição de cargo (salário médio, atribuições), sem vaga"
https://cargos.com.br/cargo/assentador-de-vidros/,"descrição de cargo (salário médio, atribuições), sem vaga"
https://www.mc-bauchemie.com.br/produtos/assentamento-rejuntamento/,"produto, loja ou curso, não é página de vagas"
https://cargos.com.br/cargo/assistente-tecnico-de-engenharia-de-obras-de-saneamento/,"descrição de cargo (salário médio, atribuições), sem vaga"
https://cargos.com.br/cargo/assistente-tecnico-de-fundicao-em-siderurgia/,"descrição de cargo (salário médio, atribuições), sem vaga"
https://cargos.com.br/cargo/assoalhador/,"descrição de cargo (salário médio, atribuições), sem vaga"
https://globorural.globo.com/pecuaria/peixe/noticia/2026/09/associacoes-de-piscicultura-pedem-cota-para-importacao-de-file-de-tilapia.ghtml,artigo datado sem nenhuma palavra de vaga na URL
https://anajustrafederal.org.br/noticias/institucional/2025/11/associados-comecam-a-receber-a-agenda-e-o-calendario-2026,artigo datado sem nenhuma palavra de vaga na URL
https://cargos.com.br/cargo/atendente-de-seguro-saude/,"descrição de cargo (salário médio, atribuições), sem vaga"
https://www.sociedademilitar.com.br/2026/05/exercito-2100-blindados-modernizacao-poder-combate-wvt.html,artigo datado sem nenhuma palavra de vaga na URL
https://cargos.com.br/cargo/atleta-de-canoagem/,"descrição de cargo (salário médio, atribuições), sem vaga"
https://www.smar.com.br/pt/categoria/atuadores-pneumaticos-e-eletricos,"categoria, tag, autor ou feed de blog"
https://axpr.com.br/blog/atuadores-pneumaticos-um-guia-completo-para-as-industrias/,"notícia, curso, produto ou institucional que nunca rendeu vaga"
https://cargos.com.br/cargo/auxiliar-de-banco-de-sangue/,"descrição de cargo (salário médio, atribuições), sem vaga"
https://cargos.com.br/cargo/auxiliar-de-colocador-de-vidros/,"descrição de cargo (salário médio, atribuições), sem vaga"
https://cargos.com.br/cargo/auxiliar-de-cortador-de-vidros/,"descrição de cargo (salário médio, atribuições), sem vaga"
https://cargos.com.br/cargo/auxiliar-de-encanador/,"descrição de cargo (salário médio, atribuições), sem vaga"
https://cargos.com.br/cargo/auxiliar-de-fabricacao-nas-industrias-de-artefatos-de-cimento/,"descrição de cargo (salário médio, atribuições), sem vaga"
https://cargos.com.br/cargo/auxiliar-de-lavanderia/,"descrição de cargo (salário médio, atribuições), sem vaga"
https://cargos.com.br/cargo/auxiliar-tecnico-de-montagem/,"descrição de cargo (salário médio, atribuições), sem vaga"
https://www.softaid.com.br/produtos/avental-descartavel-soft-aid-tnt-30g-10un,"produto, loja ou curso, não é página de vagas"
https://cargos.com.br/cargo/avicultor-exclusive-conta-propria-na-avicultura-de-postura/,"descrição de cargo (salário médio, atribuições), sem vaga"
https://cargos.com.br/cargo/azulejador/,"descrição de cargo (salário médio, atribuições), sem vaga"
https://cargos.com.br/cargo/azulejista/,"descrição de cargo (salário médio, atribuições), sem vaga"
https://www.cal.com.br/cursos/bachareladoemteatro/,"produto, loja ou curso, não é página de vagas"
https://abapa.com.br/noticias/bahia-recebe-missao-compradores-e-apresenta-modelo-de-excelencia-na-producao-de-algodao/,"notícia, curso, produto ou institucional que nunca rendeu vaga"
https://cargos.com.br/cargo/bamburista/,"descrição de cargo (salário médio, atribuições), sem vaga"
https://cargos.com.br/cargo/bananicultor/,"descrição de cargo (salário médio, atribuições), sem vaga"
https://www.topinvest.com.br/blog/bancario/,"notícia, curso, produto ou institucional que nunca rendeu vaga"
https://dol.com.br/concursos/federais/927555/banco-do-brasil-confirma-novo-concurso-com-salarios-de-ate-r-7-mil,"notícia, curso, produto ou institucional que nunca rendeu vaga"
https://www.vobi.com.br/blog/banheiro-com-acessibilidade,"notícia, curso, produto ou institucional que nunca rendeu vaga"
https://www.eadintec.com.br/blog/banho-e-tosa-2026-salario-mercado-como-comecar,"notícia, curso, produto ou institucional que nunca rendeu vaga"
https://cargos.com.br/cargo/barista/,"descrição de cargo (salário médio, atribuições), sem vaga"
https://www.marchetti.ind.br/blog/beleza-e-estilo-o-encanto-das-portas-com-lamina-natural-de-madeira-MjY=,"notícia, curso, produto ou institucional que nunca rendeu vaga"
https://cargos.com.br/cargo/beneficiador-de-sal/,"descrição de cargo (salário médio, atribuições), sem vaga"
https://www.cn1.com.br/noticias/8/120682,"notícia, curso, produto ou institucional que nunca rendeu vaga"
https://www1.folha.uol.com.br/cotidiano/2026/07/sem-regras-claras-bicicletas-eletricas-e-autopropelidos-acirram-disputa-por-espaco-nas-ciclovias.shtml,artigo datado sem nenhuma palavra de vaga na URL
https://mv.com.br/blog/big-data-e-saude-preditiva-o-que-as-operadoras-podem-fazer-com-dados-de-wearables,"notícia, curso, produto ou institucional que nunca rendeu vaga"
https://ledsup.com.br/blog/biografia-do-fundador/,"notícia, curso, produto ou institucional que nunca rendeu vaga"
https://biologiavegetal.ufes.br/sites/biologiavegetal.ufes.br/files/field/anexo/edital_06.2025_ms_ppgbv_-_ps_2026.1_-_final2.pdf,"arquivo (PDF, documento ou imagem), não é página"
https://blog.pensarcursos.com.br/wp-content/uploads/2025/02/SAMU.pdf,"arquivo (PDF, documento ou imagem), não é página"
https://blog.pensarcursos.com.br/wp-content/uploads/2025/10/SAMU.pdf,"arquivo (PDF, documento ou imagem), não é página"
https://blog.pensarcursos.com.br/wp-content/uploads/2026/04/EDITAL-DE-PROCESSO-SELETIVO-No-147-26-%E2%80%93-FAHECE.pdf,"arquivo (PDF, documento ou imagem), não é página"
https://blog.pensarcursos.com.br/wp-content/uploads/2024/10/vaga_1467.pdf,"arquivo (PDF, documento ou imagem), não é página"
https://blog.pensarcursos.com.br/wp-content/uploads/2026/08/edital-1-transpetro-quadro-de-mar.pdf,"arquivo (PDF, documento ou imagem), não é página"
https://blog.pensarcursos.com.br/wp-content/uploads/2025/07/cemig.pdf,"arquivo (PDF, documento ou imagem), não é página"
https://alumisoft.com.br/blog/,"notícia, curso, produto ou institucional que nunca rendeu vaga"
https://www.hiperzoo.com.br/blog/postagem/cuidados-com-roedores-no-inverno,"notícia, curso, produto ou institucional que nunca rendeu vaga"
https://blog-static.infra.grancursosonline.com.br/wp-content/uploads/2026/09/21142418/Edital-Farmacia-IPAM-RS-2026.pdf,"arquivo (PDF, documento ou imagem), não é página"
https://blog-static.infra.grancursosonline.com.br/wp-content/uploads/2020/10/09083835/Edital-Minist%C3%A9rio-da-Economia.pdf,"arquivo (PDF, documento ou imagem), não é página"
https://vagas.clickpetroleoegas.com.br/empresas/blue-beach-moda-praia-e-fitness-ltda/,entrada repetida de agregador lido inteiro (fica uma só)
https://cargos.com.br/cargo/bombeiro-hidraulico/,"descrição de cargo (salário médio, atribuições), sem vaga"
https://cargos.com.br/cargo/bombeiro-socorrista/,"descrição de cargo (salário médio, atribuições), sem vaga"
https://cargos.com.br/cargo/bordadeira/,"descrição de cargo (salário médio, atribuições), sem vaga"
https://vettaquimica.com.br/produtos/segmento/borracha/,"produto, loja ou curso, não é página de vagas"
https://cargos.com.br/cargo/borracheiro-na-extracao-de-latex/,"descrição de cargo (salário médio, atribuições), sem vaga"
https://cargos.com.br/cargo/borracheiro-auxiliar/,"descrição de cargo (salário médio, atribuições), sem vaga"
https://www.uol.com.br/esporte/ultimas-noticias/ag-fight/2025/04/25/boxeador-olimpico-keno-marley-assina-com-empresa-de-jake-paul-para-estrear-como-profissional.htm,artigo datado sem nenhuma palavra de vaga na URL
https://www.cn1.com.br/noticias/5/144767,"notícia, curso, produto ou institucional que nunca rendeu vaga"
https://www.cidademarketing.com.br/marketing/2021/09/09/brandili-lanca-catalogo-virtual-da-colecao-alto-verao-2021-22-estrelado-por-filhos-de-colaboradores/,artigo datado sem nenhuma palavra de vaga na URL
https://www1.folha.uol.com.br/colunas/vaivem/2026/04/brasil-se-destaca-na-producao-de-racao-para-aquicultura-em-2025.shtml,artigo datado sem nenhuma palavra de vaga na URL
https://forbes.com.br/forbes-agro/2025/01/brasil-vai-produzir-mais-algodao-em-2025-diz-presidente-da-abrapa/,artigo datado sem nenhuma palavra de vaga na URL
https://cargos.com.br/cargo/brazidor-de-curtume/,"descrição de cargo (salário médio, atribuições), sem vaga"
https://artesanou.com.br/produto/jc-atelier-arte/brinde-festa-junina-tag-com-xuxinha-20373f0/MTk5OTkwOA==,"produto, loja ou curso, não é página de vagas"
https://99empregos.com.br/blog/britania-empresa-lider-no-mercado-de-eletrodomesticos-tem-vagas-confira/,entrada repetida de agregador lido inteiro (fica uma só)
https://www.bvimedical.com.br/produtos/bisturis-beaver/,"produto, loja ou curso, não é página de vagas"
https://cargos.com.br/cargo/cabeleireiro/,"descrição de cargo (salário médio, atribuições), sem vaga"
https://alevedura.com.br/artigos/alambique-bocaina/,"notícia, curso, produto ou institucional que nunca rendeu vaga"
https://novoscursos.cesep.edu.br/pos-graduacao/cafeicultura/,"produto, loja ou curso, não é página de vagas"
https://faveni.edu.br/curso/cafeicultura/,"produto, loja ou curso, não é página de vagas"
https://cargos.com.br/cargo/caieiro-pintor-de-paredes/,"descrição de cargo (salário médio, atribuições), sem vaga"
https://www.tigre.com.br/produtos/obras-e-reformas/esgoto/caixa-de-esgoto,"produto, loja ou curso, não é página de vagas"
https://www.superbac.com.br/blog/caixa-de-gordura-aprenda-como-deve-ser-feito-o-tratamento/,"notícia, curso, produto ou institucional que nunca rendeu vaga"
https://www.sindrio.com.br/2024/01/caixa-de-gordura-meu-estabelecimento-esta-adequado/,artigo datado sem nenhuma palavra de vaga na URL
https://antiestaticos.com.br/produto/caixa-esd-industrial-condutiva-62-litros/,"produto, loja ou curso, não é página de vagas"
https://cargos.com.br/cargo/calandrista-de-borracha/,"descrição de cargo (salário médio, atribuições), sem vaga"
https://cargos.com.br/cargo/calandrista-de-papel/,"descrição de cargo (salário médio, atribuições), sem vaga"
https://databrasil.com.br/cursos/caldeireiro-tracador-e-montador/,"produto, loja ou curso, não é página de vagas"
https://www.tigre.com.br/produtos/obras-e-reformas/drenagem/calhas-para-telhado-aquapluv,"produto, loja ou curso, não é página de vagas"
https://www.termoprol.com.br/noticias/camaras-frias-e-refrigeracao-industrial-licoes-da-copa-2026-termoprol,"notícia, curso, produto ou institucional que nunca rendeu vaga"
https://cargos.com.br/cargo/camareiro-de-embarcacoes/,"descrição de cargo (salário médio, atribuições), sem vaga"
https://camda.com.br/Comunicacao/Noticias/noticia.php?Armazenagem-de-gr%C3%A3os=&noticia=bm90aWNpYT0xMjk%3D,"notícia, curso, produto ou institucional que nunca rendeu vaga"
https://www.linkedin.com/feed/update/urn:li:activity:7435385479988072448,"categoria, tag, autor ou feed de blog"
https://www.campingnatural.com.br/2026/03/primordios-do-campismo.html,artigo datado sem nenhuma palavra de vaga na URL
https://www.fiemg.com.br/noticias/canoagem-ecologica-leva-esporte-conscientizacao-e-sustentabilidade-as-aguas-de-pouso-alegre/,"notícia, curso, produto ou institucional que nunca rendeu vaga"
https://tatinassifpro.com.br/cursos/profissional/capacitacao-profissional-para-creches-e-hoteis-caninos-curso-completo/,"produto, loja ou curso, não é página de vagas"
https://www.em.com.br/saude/2025/07/7211739-capital-cearense-sediara-a-10-edicao-da-copa-das-federacoes-de-beach-ten.html,artigo datado sem nenhuma palavra de vaga na URL
https://cargos.com.br/cargo/capoteiro/,"descrição de cargo (salário médio, atribuições), sem vaga"
https://cargos.com.br/cargo/cardista/,"descrição de cargo (salário médio, atribuições), sem vaga"
https://www.linkedin.com/feed/update/urn:li:activity:7508602702256295936,"categoria, tag, autor ou feed de blog"
https://cargos.com.br/cargo/carneador-em-matadouro-e-acougue/,"descrição de cargo (salário médio, atribuições), sem vaga"
https://cargos.com.br/cargo/carpinteiro-esquadrias/,"descrição de cargo (salário médio, atribuições), sem vaga"
https://cargos.com.br/cargo/carpinteiro-telhados/,"descrição de cargo (salário médio, atribuições), sem vaga"
https://cargos.com.br/cargo/carpinteiro-de-estruturas/,"descrição de cargo (salário médio, atribuições), sem vaga"
https://cargos.com.br/cargo/carpinteiro-de-formas-para-concreto/,"descrição de cargo (salário médio, atribuições), sem vaga"
https://cargos.com.br/cargo/carpinteiro-de-obras/,"descrição de cargo (salário médio, atribuições), sem vaga"
https://cargos.com.br/cargo/carpinteiro-de-obras-civis-de-arte-pontes/,"descrição de cargo (salário médio, atribuições), sem vaga"
https://www.uol.com.br/carros/noticias/redacao/2025/11/14/carros-blindados-exigem-cuidados-mas-tem-prazo-de-validade.htm,artigo datado sem nenhuma palavra de vaga na URL
https://ascemanacional.org.br/2024/01/31/carta-dos-servidores-das-unidades-de-conservacao-federais-brasileiras/,artigo datado sem nenhuma palavra de vaga na URL
https://cargos.com.br/cargo/carvoeiro/,"descrição de cargo (salário médio, atribuições), sem vaga"
https://mecplant.com.br/produto/casca-de-pinus-polida/,"produto, loja ou curso, não é página de vagas"
https://www.belgotex.com.br/blog/case-linea-no-escritorio-parnaplast,"notícia, curso, produto ou institucional que nunca rendeu vaga"
https://cargos.com.br/cargo/caseiro/,"descrição de cargo (salário médio, atribuições), sem vaga"
https://www.tendaatacado.com.br/dicas/cash-and-carry-o-que-e-e-quais-as-suas-vantagens/,"notícia, curso, produto ou institucional que nunca rendeu vaga"
https://forbes.com.br/forbes-agro/2026/03/castanha-da-amazonia-ganha-sistema-inedito-que-pode-mudar-o-jogo-da-bioeconomia/,artigo datado sem nenhuma palavra de vaga na URL
https://cargos.com.br/cargo/catador-de-algodao/,"descrição de cargo (salário médio, atribuições), sem vaga"
https://cargos.com.br/cargo/catador-de-papel-e-papelao/,"descrição de cargo (salário médio, atribuições), sem vaga"
https://cargos.com.br/cargo/catador-de-vasilhame/,"descrição de cargo (salário médio, atribuições), sem vaga"
https://www.ambare.ind.br/produtos,"produto, loja ou curso, não é página de vagas"
https://www.estrategiaconcursos.com.br/blog/categorias-unidades-conservacao/,"notícia, curso, produto ou institucional que nunca rendeu vaga"
https://www.catolicasc.org.br/wp-content/uploads/2026/09/52.2026-Edital-de-contratacao-docente-Nutricao-Joinville-2.pdf,"arquivo (PDF, documento ou imagem), não é página"
https://cdn.cebraspe.org.br/concursos/ICMBIO_24/arquivos/Ed_1_ICMBIO_24_abertura_atualizado_ate_ret_3.pdf,"arquivo (PDF, documento ou imagem), não é página"
https://cargos.com.br/cargo/cementador-de-metais/,"descrição de cargo (salário médio, atribuições), sem vaga"
https://www.cemig.com.br/wp-content/uploads/2025/06/concurso-01-2025-edital-eletricista.pdf,"arquivo (PDF, documento ou imagem), não é página"
https://cenes.com.br/curso/pos-graduacao-em-farmacia-industrial-e-desenvolvimento-de-produtos?sck=00ac6cce-856c-491e-8f8b-cffbfd6bf06d%7C%7C,"produto, loja ou curso, não é página de vagas"
https://cargos.com.br/cargo/cenografo-de-eventos/,"descrição de cargo (salário médio, atribuições), sem vaga"
https://www5.usp.br/noticias/institucional/pt-centrinho-abre-edital-para-tecnico-em-protese-dentaria/,"notícia, curso, produto ou institucional que nunca rendeu vaga"
https://www.f5cariri.com.br/2026/09/centro-cultural-do-cariri-abre-processo.html,artigo datado sem nenhuma palavra de vaga na URL
https://diariotocantinense.com.br/2026/03/20/centro-de-canoagem-de-araguaina-capacita-instrutores-com-treinador-internacional-e-mira-formacao-de-atletas-de-alto-rendimento/,artigo datado sem nenhuma palavra de vaga na URL
https://machcnc.com.br/produtos/mach-metal/,"produto, loja ou curso, não é página de vagas"
https://agoranaregiao.com.br/2025/02/26/centro-fitness-25-um-novo-espaco-de-transformacao-da-saude-e-do-bem-estar-em-mirandopolis/,artigo datado sem nenhuma palavra de vaga na URL
https://soft99.com.br/lojaoficial/produto/cera-de-carnauba-all-color/,"produto, loja ou curso, não é página de vagas"
https://cargos.com.br/cargo/ceramista/,"descrição de cargo (salário médio, atribuições), sem vaga"
https://cargos.com.br/cargo/ceramista-confeccao-de-moldes/,"descrição de cargo (salário médio, atribuições), sem vaga"
https://cargos.com.br/cargo/ceramista-artistico/,"descrição de cargo (salário médio, atribuições), sem vaga"
https://cargos.com.br/cargo/ceramista-fileteiro/,"descrição de cargo (salário médio, atribuições), sem vaga"
https://www.uol.com.br/vivabem/noticias/redacao/2024/12/20/cereja-faz-bem-para-pele-unhas-e-cabelos-conheca-seus-beneficios.htm,artigo datado sem nenhuma palavra de vaga na URL
https://www.serasa.com.br/blog/cesta-basica/,"notícia, curso, produto ou institucional que nunca rendeu vaga"
https://www.cesupa.br/pos-graduacao/residencia/dermatologia,"produto, loja ou curso, não é página de vagas"
https://www.jhaequipamentos.com.br/blog/chapa-para-lanches-qual-modelo-utilizar/,"notícia, curso, produto ou institucional que nunca rendeu vaga"
https://cargos.com.br/cargo/chapeador-de-aeronaves/,"descrição de cargo (salário médio, atribuições), sem vaga"
https://cargos.com.br/cargo/chapeador-de-moveis-de-madeira/,"descrição de cargo (salário médio, atribuições), sem vaga"
https://cargos.com.br/cargo/chapeador-de-moveis-metalicos/,"descrição de cargo (salário médio, atribuições), sem vaga"
https://cargos.com.br/cargo/chapeador-metalurgico/,"descrição de cargo (salário médio, atribuições), sem vaga"
https://cargos.com.br/cargo/chapeador-montador/,"descrição de cargo (salário médio, atribuições), sem vaga"
https://cargos.com.br/cargo/chapeador-naval/,"descrição de cargo (salário médio, atribuições), sem vaga"
https://cargos.com.br/cargo/chapeleiro-chapeus-de-palha/,"descrição de cargo (salário médio, atribuições), sem vaga"
https://cargos.com.br/cargo/chapista-de-veiculos-fabricacao/,"descrição de cargo (salário médio, atribuições), sem vaga"
https://cargos.com.br/cargo/chefe-de-cristalizacao/,"descrição de cargo (salário médio, atribuições), sem vaga"
https://cargos.com.br/cargo/chefe-de-producao-na-fabricacao-de-produtos-de-vidro/,"descrição de cargo (salário médio, atribuições), sem vaga"
https://cibiogas.org/wp-content/uploads/2026/03/004-2023.pdf,"arquivo (PDF, documento ou imagem), não é página"
https://cibiogas.org/wp-content/uploads/2026/03/005-2024.pdf,"arquivo (PDF, documento ou imagem), não é página"
https://cibiogas.org/wp-content/uploads/2026/08/Abertura-de-Edital-Bolsa-SETI-agosto.docx-Google-Docs.pdf,"arquivo (PDF, documento ou imagem), não é página"
https://www1.folha.uol.com.br/cotidiano/2025/01/como-cidades-do-ceara-combatem-o-calor-pavimentando-ruas-com-concreto.shtml,artigo datado sem nenhuma palavra de vaga na URL
https://cargos.com.br/cargo/cilindrista-petroquimica-e-afins/,"descrição de cargo (salário médio, atribuições), sem vaga"
https://cargos.com.br/cargo/cilindrista-de-plastico/,"descrição de cargo (salário médio, atribuições), sem vaga"
https://distribuidoralopes.com.br/produto/33798/cinta-de-amarracao-c-catraca-fechada-gancho-moto-08t-25mmx3m-robustec,"produto, loja ou curso, não é página de vagas"
https://cargos.com.br/cargo/cirurgiao-dentista-odontologia-do-trabalho/,"descrição de cargo (salário médio, atribuições), sem vaga"
https://cargos.com.br/cargo/citricultor/,"descrição de cargo (salário médio, atribuições), sem vaga"
https://portal.sistemafamasul.com.br/noticias/citricultura-em-expans%C3%A3o-senar-oferece-curso-t%C3%A9cnico-gratuito-para-quem-deseja-atuar,"notícia, curso, produto ou institucional que nunca rendeu vaga"
https://senarms.org.br/noticias/citricultura-em-expans%C3%A3o-senarms-oferece-curso-t%C3%A9cnico-gratuito-para-quem-deseja-atuar-no,"notícia, curso, produto ou institucional que nunca rendeu vaga"
https://hvsm.com.br/contato/,"notícia, curso, produto ou institucional que nunca rendeu vaga"
https://www.kayroslink.com.br/category/clt/,"categoria, tag, autor ou feed de blog"
https://cargos.com.br/cargo/codificador-de-dados/,"descrição de cargo (salário médio, atribuições), sem vaga"
https://www.omie.com.br/blog/codigo-de-barras/,"notícia, curso, produto ou institucional que nunca rendeu vaga"
https://cargos.com.br/cargo/colador-de-rotulos-em-caixas/,"descrição de cargo (salário médio, atribuições), sem vaga"
https://cargos.com.br/cargo/colchoeiro-confeccao-de-colchoes/,"descrição de cargo (salário médio, atribuições), sem vaga"
https://cargos.com.br/cargo/coletor-de-residuos-solidos-de-servicos-de-saude/,"descrição de cargo (salário médio, atribuições), sem vaga"
https://cargos.com.br/cargo/coletor-de-sementes-floresta/,"descrição de cargo (salário médio, atribuições), sem vaga"
https://cargos.com.br/cargo/colhedor-em-fabrica-de-vidro/,"descrição de cargo (salário médio, atribuições), sem vaga"
https://cargos.com.br/cargo/colocador-de-assoalho/,"descrição de cargo (salário médio, atribuições), sem vaga"
https://cargos.com.br/cargo/colocador-de-ceramica/,"descrição de cargo (salário médio, atribuições), sem vaga"
https://cargos.com.br/cargo/colocador-de-papel-de-parede/,"descrição de cargo (salário médio, atribuições), sem vaga"
https://cargos.com.br/cargo/colocador-de-piso-vinilico/,"descrição de cargo (salário médio, atribuições), sem vaga"
https://cargos.com.br/cargo/colocador-de-pisos-emborrachados/,"descrição de cargo (salário médio, atribuições), sem vaga"
https://cargos.com.br/cargo/colocador-de-tacos/,"descrição de cargo (salário médio, atribuições), sem vaga"
https://cargos.com.br/cargo/colocador-de-tapetes/,"descrição de cargo (salário médio, atribuições), sem vaga"
https://cargos.com.br/cargo/colorista-na-industria-do-couro/,"descrição de cargo (salário médio, atribuições), sem vaga"
https://cargos.com.br/cargo/colorista-de-papel/,"descrição de cargo (salário médio, atribuições), sem vaga"
https://www.fiergs.org.br/noticia/com-124-alunos-na-operacao-senai-rs-produzira-mil-pares-de-calcados-na-49a-fimec,"notícia, curso, produto ou institucional que nunca rendeu vaga"
https://senarms.org.br/noticias/com-estrutura-moderna-e-pr%C3%A1tica-hidroponia-%C3%A9-op%C3%A7%C3%A3o-para-otimizar-cultivo-de-hortali%C3%A7as,"notícia, curso, produto ou institucional que nunca rendeu vaga"
https://monitordomercado.com.br/noticias/418466-com-ganhos-que-podem-passar-de-r-8-mil-por-mes-este-profissional-trabalha-pendurado-a-dezenas-de-metros-do-chao-onde-andaimes-nao-conseguem-chegar/,"notícia, curso, produto ou institucional que nunca rendeu vaga"
https://napratica.org.br/noticias/como-cervejaria-ambev-passou-a-produzir-alcool-em-gel,"notícia, curso, produto ou institucional que nunca rendeu vaga"
https://www.segurpro.com.br/blog/seguranca/como-afastar-criminosos,"notícia, curso, produto ou institucional que nunca rendeu vaga"
https://www.uol.com.br/ecoa/noticias/deutsche-welle/2025/01/24/como-calor-e-pragas-ameacam-imperio-das-laranjas-brasileiras.htm,artigo datado sem nenhuma palavra de vaga na URL
https://undb.edu.br/blog/como-e-o-mercado-para-quem-se-forma-em-fisioterapia-em-sao-luis/,"notícia, curso, produto ou institucional que nunca rendeu vaga"
https://www.uol.com.br/vivabem/noticias/redacao/2024/06/16/como-escolher-a-escova-de-dente-ideal-para-criancas-adultos-e-idosos.htm,artigo datado sem nenhuma palavra de vaga na URL
https://www.moura.com.br/blog/imobilizador,"notícia, curso, produto ou institucional que nunca rendeu vaga"
https://www.uol.com.br/tilt/noticias/redacao/2026/09/06/como-limpar-loucas-sanitarias-sem-danificar-o-acabamento-veja-dicas.ghtm,artigo datado sem nenhuma palavra de vaga na URL
https://www.taunos.com.br/blog/novidades/COMO%20MELHORAR%20A%20CAPACIDADE%20DA%20SUA%20USINAGEM%20COM%20TORNOS%20CNC,"notícia, curso, produto ou institucional que nunca rendeu vaga"
https://www1.folha.uol.com.br/ilustrada/2026/07/relogios-de-luxo-mesmo-escondidos-sob-a-manga-viram-simbolos-de-status.shtml,artigo datado sem nenhuma palavra de vaga na URL
https://hospitalsiriolibanes.org.br/blog/endocrinologia/como-saber-se-tenho-diabetes,"notícia, curso, produto ou institucional que nunca rendeu vaga"
https://albieriadvocacia.com.br/blog/como-ser-fisioterapeuta-em-portugal-guia-completo-para-brasileiros/,"notícia, curso, produto ou institucional que nunca rendeu vaga"
https://caer.com.br/noticias/?id=1738,"notícia, curso, produto ou institucional que nunca rendeu vaga"
https://attorecicla.com.br/servicos/compra-e-venda-de-metais-ferrosos-e-nao-ferrosos-e-materiais-eletronicos/,"notícia, curso, produto ou institucional que nunca rendeu vaga"
https://cargos.com.br/cargo/compressorista-de-ar/,"descrição de cargo (salário médio, atribuições), sem vaga"
https://iprev.seatecnologia.com.br/concurso,"notícia, curso, produto ou institucional que nunca rendeu vaga"
https://www.estrategiaconcursos.com.br/blog/concurso-prefeitura-araraquara/,"notícia, curso, produto ou institucional que nunca rendeu vaga"
https://mecpreparatorios.com.br/pt/blog/concurso-araucaria-nitrogenados-ansa-2026-cebraspe,"notícia, curso, produto ou institucional que nunca rendeu vaga"
https://www.estrategiaconcursos.com.br/blog/concurso-camara-de-aracati-ce/,"notícia, curso, produto ou institucional que nunca rendeu vaga"
https://www.estrategiaconcursos.com.br/blog/concurso-casan/,"notícia, curso, produto ou institucional que nunca rendeu vaga"
https://jcconcursos.uol.com.br/concurso/concurso-companhia-docas-do-ceara-80434,"notícia, curso, produto ou institucional que nunca rendeu vaga"
https://www.grupomedcof.com.br/blog/concurso-companhia-docas-do-para-cdp/,"notícia, curso, produto ou institucional que nunca rendeu vaga"
https://www.novaconcursos.com.br/portal/concursos/correios-sesmt/,"notícia, curso, produto ou institucional que nunca rendeu vaga"
https://www.feebpr.org.br/noticia/3EcN-concurso-da-caixa-inscricoes-acabam-nesta-segunda-para-salarios-de-ate-r-164-mil-veja-como-participar,"notícia, curso, produto ou institucional que nunca rendeu vaga"
https://www.estrategiaconcursos.com.br/blog/concurso-detran-al-2026-o-que-faz-analista-transito/,"notícia, curso, produto ou institucional que nunca rendeu vaga"
https://simconcursos.com.br/concurso/concurso-companhia-docas-do-para-docas-pa,"notícia, curso, produto ou institucional que nunca rendeu vaga"
https://www.editorasolucao.com.br/blog/concurso/epc-pb,"notícia, curso, produto ou institucional que nunca rendeu vaga"
https://www.grancursosonline.com.br/cursos/por-concurso/ghc-grupo-hospitalar-conceicao-hospital-federal-de-bonsucesso-rj-cargo-57-fisioterapeuta-intensivista-adulto-emergencia-adulto-e-pediatrico-pos-edital,"produto, loja ou curso, não é página de vagas"
https://www.estrategiaconcursos.com.br/blog/concurso-gramadotur/,"notícia, curso, produto ou institucional que nunca rendeu vaga"
https://jcconcursos.uol.com.br/noticia/concursos/concurso-icmbio-novo-pedido-confirmado-para-cargos-de-nivel-superior-142607,"notícia, curso, produto ou institucional que nunca rendeu vaga"
https://www.estrategiaconcursos.com.br/blog/concurso-msgas/,"notícia, curso, produto ou institucional que nunca rendeu vaga"
https://www.novaconcursos.com.br/portal/concursos/concurso-prefeitura-de-vassouras-rj/,"notícia, curso, produto ou institucional que nunca rendeu vaga"
https://www.novaconcursos.com.br/portal/concursos/prohab-sao-carlos-sp/,"notícia, curso, produto ou institucional que nunca rendeu vaga"
https://www.eba.ufmg.br/index.php/concurso-publico-para-professor-assistente-nivel-1-departamento-de-artes-plasticas-area-do-conhecimento-conservacao-e-restauracao-de-pintura-e-de-escultura/2026/01/,artigo datado sem nenhuma palavra de vaga na URL
https://www.novaconcursos.com.br/portal/concursos/concurso-rede-sarah-de-hospitais-de-reabilitacao/,"notícia, curso, produto ou institucional que nunca rendeu vaga"
https://jcconcursos.uol.com.br/concurso/concurso-saae-lencois-paulista-sp-78395,"notícia, curso, produto ou institucional que nunca rendeu vaga"
https://www.estrategiaconcursos.com.br/blog/concurso-semob-joao-pessoa/,"notícia, curso, produto ou institucional que nunca rendeu vaga"
https://www.vagapublica.com.br/noticias/concurso-transpetro-2026,"notícia, curso, produto ou institucional que nunca rendeu vaga"
https://petrobras.com.br/quem-somos/concursos,"notícia, curso, produto ou institucional que nunca rendeu vaga"
https://www.encontraguarulhos.com.br/sobre/condemat-e-senac-guarulhos-abrem-inscricoes-para-terceira-turma-do-curso-tecnico-em-guia-de-turismo/,"notícia, curso, produto ou institucional que nunca rendeu vaga"
https://cargos.com.br/cargo/condutor-de-bicicleta-no-transporte-de-mercadorias/,"descrição de cargo (salário médio, atribuições), sem vaga"
https://cargos.com.br/cargo/condutor-de-maquina-de-secagem-na-fabricacao-de-pasta-celulose/,"descrição de cargo (salário médio, atribuições), sem vaga"
https://cargos.com.br/cargo/confeccionador-de-caixas-de-papelao/,"descrição de cargo (salário médio, atribuições), sem vaga"
https://cargos.com.br/cargo/confeccionador-de-calcados-de-couro/,"descrição de cargo (salário médio, atribuições), sem vaga"
https://cargos.com.br/cargo/confeccionador-de-pneumaticos/,"descrição de cargo (salário médio, atribuições), sem vaga"
https://cargos.com.br/cargo/conferente-expedidor-de-roupas-lavanderias/,"descrição de cargo (salário médio, atribuições), sem vaga"
https://forbes.com.br/forbes-life/2019/04/conheca-a-1a-casa-de-leiloes-so-de-novos-artistas/,artigo datado sem nenhuma palavra de vaga na URL
https://revistapegn.globo.com/ideias-de-negocios/noticia/2025/10/conheca-a-rede-de-15-mil-lojas-que-so-funciona-ate-o-halloween-e-desaparece-em-novembro.ghtml,artigo datado sem nenhuma palavra de vaga na URL
https://tribunadepetropolis.com.br/noticias/conheca-a-trajetoria-de-caio-ferreira-musico-petropolitano-que-e-maestro-professor-e-tecladista-da-banda-melim/,"notícia, curso, produto ou institucional que nunca rendeu vaga"
https://www.blok.com.br/blog/piso-intertravado-de-concreto,"notícia, curso, produto ou institucional que nunca rendeu vaga"
https://www.hcpf.com.br/noticias/detalhes/conheca-o-programa-de-residencia-medica-em-cardiologia-uffshc,"notícia, curso, produto ou institucional que nunca rendeu vaga"
https://blog.cristianocec.com.br/2017/07/17/conheca-os-principais-tipos-de-brita-para-construcao/,artigo datado sem nenhuma palavra de vaga na URL
https://conhecarondonopolis.blogspot.com/2026/02/noticias-da-fecomercio-mt-sesc-mt-abre.html,artigo datado sem nenhuma palavra de vaga na URL
https://conhecimento.fgv.br/sites/default/files/concursos/edital-no-3-area-assistencial-13.02.2025_completo.pdf,"arquivo (PDF, documento ou imagem), não é página"
https://construcril.com.br/product/construcril-massa-em-po-para-drywall-saco-de-15-kg/,"produto, loja ou curso, não é página de vagas"
https://eu.dev.br/vagas/2sflarf0sebnxuf8-united-nations-consultor-pleno-em-producao-audiovisual-campanha/,entrada repetida de agregador lido inteiro (fica uma só)
https://espacokids.com.br/contato/,"notícia, curso, produto ou institucional que nunca rendeu vaga"
https://jardimestofados.com.br/contato/,"notícia, curso, produto ou institucional que nunca rendeu vaga"
https://mastiflex.com.br/contato/,"notícia, curso, produto ou institucional que nunca rendeu vaga"
https://metalurgicanunes.com.br/contato/,"notícia, curso, produto ou institucional que nunca rendeu vaga"
https://redeshowsupermercados.com.br/contato/,"notícia, curso, produto ou institucional que nunca rendeu vaga"
https://www.ccmindustria.com.br/contato,"notícia, curso, produto ou institucional que nunca rendeu vaga"
https://emagrecentro.com.br/contato/,"notícia, curso, produto ou institucional que nunca rendeu vaga"
https://www.komeco.com.br/contato/,"notícia, curso, produto ou institucional que nunca rendeu vaga"
https://mabel.com.br/contato,"notícia, curso, produto ou institucional que nunca rendeu vaga"
https://auxiliar.perfilsst.com.br/contato/,"notícia, curso, produto ou institucional que nunca rendeu vaga"
https://www.racoesportoalegre.com.br/contato/,"notícia, curso, produto ou institucional que nunca rendeu vaga"
https://alumiportasejanelas.com.br/contato/,"notícia, curso, produto ou institucional que nunca rendeu vaga"
https://icaterm.com.br/contato/,"notícia, curso, produto ou institucional que nunca rendeu vaga"
https://garen.com.br/contato/,"notícia, curso, produto ou institucional que nunca rendeu vaga"
https://cargos.com.br/cargo/contatologo/,"descrição de cargo (salário médio, atribuições), sem vaga"
https://cargos.com.br/cargo/contramestre-de-malharia-industria-textil/,"descrição de cargo (salário médio, atribuições), sem vaga"
https://vilesoft.com.br/blog/cooperativas-de-transportes/,"notícia, curso, produto ou institucional que nunca rendeu vaga"
https://www1.folha.uol.com.br/blogs/e-logo-ali/2025/05/copa-do-mundo-de-escalada-em-curitiba-une-arte-ao-esporte.shtml,artigo datado sem nenhuma palavra de vaga na URL
https://www1.folha.uol.com.br/esporte/2026/07/por-que-jogadores-disputam-a-copa-do-mundo-com-meioes-furados.shtml,artigo datado sem nenhuma palavra de vaga na URL
https://www.centralr3.com.br/2026/08/copacol-e-unita-anunciam-entrevistas-de.html,artigo datado sem nenhuma palavra de vaga na URL
https://www1.folha.uol.com.br/sobretudo/morar/2017/08/1913169-copias-de-marmore-e-madeira-ganham-espaco-no-revestimento-da-casa.shtml,artigo datado sem nenhuma palavra de vaga na URL
https://cargos.com.br/cargo/corredor-fundista/,"descrição de cargo (salário médio, atribuições), sem vaga"
https://cargos.com.br/cargo/cortador-de-calcados/,"descrição de cargo (salário médio, atribuições), sem vaga"
https://cargos.com.br/cargo/cortador-de-capas-de-saltos-para-calcados/,"descrição de cargo (salário médio, atribuições), sem vaga"
https://cargos.com.br/cargo/cortador-de-cristais-de-optica/,"descrição de cargo (salário médio, atribuições), sem vaga"
https://cargos.com.br/cargo/cortador-de-roupas-couro-e-pele/,"descrição de cargo (salário médio, atribuições), sem vaga"
https://cargos.com.br/cargo/cortador-de-tapetes/,"descrição de cargo (salário médio, atribuições), sem vaga"
https://cargos.com.br/cargo/cortador-de-telhas/,"descrição de cargo (salário médio, atribuições), sem vaga"
https://artesanou.com.br/produto/croche-carioca/cortina-romana-estilo-persiana-linho-tinto-cru-sob-medida-20f1e97/MTg4MjE4,"produto, loja ou curso, não é página de vagas"
https://forbes.com.br/forbes-agro/2025/04/cosmeticos-com-sabor-brasileiro-kapeh-faz-18-anos-reinventando-o-uso-do-cafe/,artigo datado sem nenhuma palavra de vaga na URL
https://cargos.com.br/cargo/costurador-de-calcados/,"descrição de cargo (salário médio, atribuições), sem vaga"
https://cargos.com.br/cargo/costureira-de-maquinas-industriais/,"descrição de cargo (salário médio, atribuições), sem vaga"
https://divinaprovidencia.org.br/noticias/2023/01/10/costureira-do-hospital-independencia-produz-pecas-com-tecidos-que-seriam-descartados/,artigo datado sem nenhuma palavra de vaga na URL
https://cargos.com.br/cargo/cozinhador-de-carnes/,"descrição de cargo (salário médio, atribuições), sem vaga"
https://cargos.com.br/cargo/cozinhador-de-molhos-e-condimentos/,"descrição de cargo (salário médio, atribuições), sem vaga"
https://www.paranoaenergia.com.br/noticias/2025/04/04/cpfl-inaugura-pch-de-28-mw-no-parana/,artigo datado sem nenhuma palavra de vaga na URL
https://cargos.com.br/cargo/cravejador-de-joias/,"descrição de cargo (salário médio, atribuições), sem vaga"
https://newsrondonia.com.br/educacao/2026/03/19/crea-ro-promove-palestra-sobre-solucoes-acusticas-na-engenharia-em-porto-velho/,artigo datado sem nenhuma palavra de vaga na URL
https://www.rovensanext.com.br/noticias/imprensa/crescer-verticalmente-e-o-grande-desafio-da-producao-de-bananas-no-brasil/,"notícia, curso, produto ou institucional que nunca rendeu vaga"
https://eu.dev.br/vagas/ritkuv6d5jxhzyky-coinpoker-criador-de-conteudo-em-videos-curtos-marketing/,entrada repetida de agregador lido inteiro (fica uma só)
https://cargos.com.br/cargo/criador-de-peixes/,"descrição de cargo (salário médio, atribuições), sem vaga"
https://cargos.com.br/cargo/criadores-de-perfumes/,"descrição de cargo (salário médio, atribuições), sem vaga"
https://cargos.com.br/cargo/cuidador-de-animais/,"descrição de cargo (salário médio, atribuições), sem vaga"
https://www.jimo.com.br/blog/cuida-da-madeira/cuidados-moveis-portas-janelas-madeira/,"notícia, curso, produto ou institucional que nunca rendeu vaga"
https://cargos.com.br/cargo/cultivador-de-algodao-conta-propria/,"descrição de cargo (salário médio, atribuições), sem vaga"
https://redescobrindo.com.br/blog/curacao-participa-da-copa-do-mundo-de-beach-tenis-no-rio-de-janeiro/,"notícia, curso, produto ou institucional que nunca rendeu vaga"
https://fundacaofemar.org.br/portalwordpress/2024/11/08/curso-basico-de-mergulho/,artigo datado sem nenhuma palavra de vaga na URL
https://mis-sp.org.br/evento/curso-completo-de-dj-e-mixagem-presencial/,"notícia, curso, produto ou institucional que nunca rendeu vaga"
https://www.ycon.com.br/cursos/curso-de-acustica-arquitetonica-e-desempenho-das-construcoes-nbr-15-575/,"produto, loja ou curso, não é página de vagas"
https://cursosavante.com.br/produto/curso-de-automacao-residencial-em-resende-rj,"produto, loja ou curso, não é página de vagas"
https://cursosavante.com.br/produto/curso-de-auxiliar-de-veterinaria-e-pet-shop-em-recife-pe,"produto, loja ou curso, não é página de vagas"
https://www.unovacursos.com.br/curso/avicultura-e-suinocultura,"produto, loja ou curso, não é página de vagas"
https://freecursos.com.br/curso/curso-gratuito-de-basico-em-operador-de-bobcat,"produto, loja ou curso, não é página de vagas"
https://www.profec.com.br/curso/curso-gratuito-de-basico-em-operador-de-colheitadeira,"produto, loja ou curso, não é página de vagas"
https://cursosavante.com.br/produto/curso-de-camareira-de-hotel,"produto, loja ou curso, não é página de vagas"
https://www.profec.com.br/curso/curso-gratuito-de-camareira-de-hotel,"produto, loja ou curso, não é página de vagas"
https://www.cursosavante.com.br/produto/curso-de-ceramina-e-porcelana-em-joao-pessoa-pb,"produto, loja ou curso, não é página de vagas"
https://www.certificando.com.br/cursos/cerimonial.html,"produto, loja ou curso, não é página de vagas"
https://databrasil.com.br/cursos/clp-controladores-logicos-programaveis/,"produto, loja ou curso, não é página de vagas"
https://www.unovacursos.com.br/curso/curso-gratuito-online-como-fazer-bonsai,"produto, loja ou curso, não é página de vagas"
https://cursosavante.com.br/produto/curso-de-corte-e-costura-de-lingerie-em-taquarituba-sp,"produto, loja ou curso, não é página de vagas"
https://cursosavante.com.br/produto/curso-de-decoracao-para-festas-e-eventos-em-feira-de-santana-ba,"produto, loja ou curso, não é página de vagas"
https://nespe.com.br/produto/design-editorial-curso-livre/,"produto, loja ou curso, não é página de vagas"
https://certificadosead.com.br/curso/curso-de-eletrica-automotiva/,"produto, loja ou curso, não é página de vagas"
https://www.uva.br/cursos/graduacao-engenharia-petroleo-gas/,"produto, loja ou curso, não é página de vagas"
https://faculdadeeleven.com.br/cursos/beleza/curso-de-escova-progressiva-e-alisamento/,"produto, loja ou curso, não é página de vagas"
https://www.cuidadosvip.com.br/blog/categorias/artigos/curso-de-especializacao-curativos,"categoria, tag, autor ou feed de blog"
https://cursosavante.com.br/produto/curso-de-esquadrias-de-aluminio,"produto, loja ou curso, não é página de vagas"
https://cursosavante.com.br/produto/curso-de-esquadrias-de-aluminio-em-eusebio-ce,"produto, loja ou curso, não é página de vagas"
https://cursosavante.com.br/produto/curso-de-esquadrias-de-aluminio-em-salvador-ba,"produto, loja ou curso, não é página de vagas"
https://www.inbec.com.br/cursos/curso-esquadrias-aluminio-vidro-para-engenheiros-arquitetos-tecnologos-online/disciplinas,"produto, loja ou curso, não é página de vagas"
https://www.cursosavante.com.br/produto/curso-de-estofaria-e-estofado,"produto, loja ou curso, não é página de vagas"
https://faculdademoinhos.com.br/curso/extensao/curso-de-extensao-em-hemodinamica/,"produto, loja ou curso, não é página de vagas"
https://cursosavante.com.br/produto/curso-de-fabricacao-de-semi-joias-e-bijuterias-em-recife-pe,"produto, loja ou curso, não é página de vagas"
https://iergs.com.br/curso/danca/,"produto, loja ou curso, não é página de vagas"
https://www.unovacursos.com.br/curso/curso-gratuito-de-hidroponia,"produto, loja ou curso, não é página de vagas"
https://cursosavante.com.br/produto/curso-de-instalador-de-calhas-em-ribeirao-preto-sp,"produto, loja ou curso, não é página de vagas"
https://inbec.com.br/cursos/curso-laudo-pericial-engenharia-legal-com-apoio-inteligencia-artificial-online,"produto, loja ou curso, não é página de vagas"
https://certificadosead.com.br/curso/curso-de-manutencao-de-celular/,"produto, loja ou curso, não é página de vagas"
https://www.elaborata.com.br/blog/2021/10/26/curso-de-manutencao-de-celular/,artigo datado sem nenhuma palavra de vaga na URL
https://3xmaistreinamentos.com.br/artigos/curso-de-operador-de-colheitadeira-de-graos-profissionalizacao-e-alta-performance-no-campo/,"notícia, curso, produto ou institucional que nunca rendeu vaga"
https://ibdi-edu.com.br/blog/curso-de-paisagismo-guia-completo-para-escolher-aprender-e-se-tornar-um-profissional-de-sucesso/,"notícia, curso, produto ou institucional que nunca rendeu vaga"
https://cursosavante.com.br/produto/curso-de-perfumaria-e-cosmeticos-artesanais-em-manaus-am,"produto, loja ou curso, não é página de vagas"
https://centrodestudos.com.br/cursos/curso-de-pet-sitter/,"produto, loja ou curso, não é página de vagas"
https://vivaavante.com.br/cursos/industrial/curso-de-reciclagem-nr-11-em-curitiba/,"produto, loja ou curso, não é página de vagas"
https://cursosavante.com.br/produto/curso-de-sabonetes-artesanais,"produto, loja ou curso, não é página de vagas"
https://cursosavante.com.br/produto/curso-de-sabonetes-artesanais-em-niteroi-rj,"produto, loja ou curso, não é página de vagas"
https://cursosavante.com.br/produto/curso-de-sabonetes-artesanais-em-ubatuba-sp,"produto, loja ou curso, não é página de vagas"
https://certificadosead.com.br/curso/curso-de-serigrafia-com-certificado/,"produto, loja ou curso, não é página de vagas"
https://cursosavante.com.br/produto/curso-de-serigrafia-e-estamparia-em-florianopolis-sc,"produto, loja ou curso, não é página de vagas"
https://databrasil.com.br/cursos/solda-eletrodo/,"produto, loja ou curso, não é página de vagas"
https://cursosavante.com.br/produto/curso-de-tapecaria-e-impermeabilizacao-de-sofas,"produto, loja ou curso, não é página de vagas"
https://pandami.com.br/blog/curso-de-visagismo,"notícia, curso, produto ou institucional que nunca rendeu vaga"
https://www.clickguarulhos.com.br/2026/09/09/curso-gratuito-costureiro-sob-medida-recebe-inscricoes/,artigo datado sem nenhuma palavra de vaga na URL
https://www.garecultural.com.br/cursos/moda-kids/,"produto, loja ou curso, não é página de vagas"
https://www.portaleduca.com.br/cursos/fertirrigacao,"produto, loja ou curso, não é página de vagas"
https://www.portaleduca.com.br/cursos/fresa-mecanica,"produto, loja ou curso, não é página de vagas"
https://www.portaleduca.com.br/cursos/instalacao-de-video-porteiro,"produto, loja ou curso, não é página de vagas"
https://www.portaleduca.com.br/cursos/manejo-do-solo,"produto, loja ou curso, não é página de vagas"
https://www.portaleduca.com.br/cursos/operador-de-extrusora-injetora,"produto, loja ou curso, não é página de vagas"
https://www.portaleduca.com.br/cursos/sabonetes-artesanais,"produto, loja ou curso, não é página de vagas"
https://www.portaleduca.com.br/cursos/tecnicas-de-automacao-residencial-e-predial,"produto, loja ou curso, não é página de vagas"
https://www.unisc.br/pt/cursos/todos-os-cursos/especializacao-e-mba/santa-cruz-do-sul/orteses-e-proteses,"produto, loja ou curso, não é página de vagas"
https://www.revistacultivar.com.br/noticias/curso-sobre-fruticultura-esta-com-inscricoes-abertas-em-ms,"notícia, curso, produto ou institucional que nunca rendeu vaga"
https://famesp.com.br/graduacao/radiologia/,"produto, loja ou curso, não é página de vagas"
https://faculdadeeleven.com.br/blog/tatuagem-do-hobby-a-profissao/,"notícia, curso, produto ou institucional que nunca rendeu vaga"
https://www5.each.usp.br/noticias/cursos-da-usp-textil-e-moda-prioriza-parceria-entre-os-dois-setores/,"notícia, curso, produto ou institucional que nunca rendeu vaga"
https://curtaduracaosenaiba.com.br/curso/seguranca-em-espacos-confinados-nr-33-trabalhadores-e-vigias/,"produto, loja ou curso, não é página de vagas"
https://curtaduracaosenaiba.com.br/curso/soldador-por-eletrodo-revestido-de-estruturas-e-tubulacoes/,"produto, loja ou curso, não é página de vagas"
https://www.senairs.org.br/cursos/cursos-de-evolucao-profissional/instalacao-de-portao-eletronico,"produto, loja ou curso, não é página de vagas"
https://www.guiadacarreira.com.br/cursos-e-faculdades/radioterapia/cursos,"produto, loja ou curso, não é página de vagas"
https://tecnico.senaibahia.com.br/curso/tecnico-em-producao-cultural/,"produto, loja ou curso, não é página de vagas"
https://cargos.com.br/cargo/curtidor-couros-e-peles/,"descrição de cargo (salário médio, atribuições), sem vaga"
https://tel.com.br/product/curvas-pvc-90o-com-rosca/,"produto, loja ou curso, não é página de vagas"
https://cargos.com.br/cargo/cuteleiro-na-fabricacao/,"descrição de cargo (salário médio, atribuições), sem vaga"
https://www.ucs.br/site/portalcurso/sobre/756/1/1284/,"notícia, curso, produto ou institucional que nunca rendeu vaga"
https://www.uol.com.br/nossa/noticias/redacao/2024/07/27/olha-a-faca-de-chefs-a-hipsters-cutelaria-conquista-legiao-de-apaixonados.htm,artigo datado sem nenhuma palavra de vaga na URL
https://www.capitaldopantanal.com.br/cultura/2026/03/31/de-corumba-ao-jornal-hoje-violinista-valerio-reis-ganha-destaque-nacional.html,artigo datado sem nenhuma palavra de vaga na URL
https://oamarelinho.com.br/vagas/cargo/2512-costureiro-costureira,entrada repetida de agregador lido inteiro (fica uma só)
https://businessweek.com.br/2026/07/14/de-garcom-a-lider-de-um-grupo-empresarial-a-inspiradora-trajetoria-de/,artigo datado sem nenhuma palavra de vaga na URL
https://www.autoindustria.com.br/2026/05/13/de-olho-nos-chineses-ppg-anuncia-diretor-de-negocios-automotivos-oem/,artigo datado sem nenhuma palavra de vaga na URL
https://blogfolhadocomercio.com.br/wp/2026/06/02/de-pedreiro-a-muralista-goiano-ganhou-projecao-apos-post-de-viola-davis/,artigo datado sem nenhuma palavra de vaga na URL
https://cargos.com.br/cargo/decorador-de-arte-floral/,"descrição de cargo (salário médio, atribuições), sem vaga"
https://cargos.com.br/cargo/decorador-de-ceramica/,"descrição de cargo (salário médio, atribuições), sem vaga"
https://cargos.com.br/cargo/decorador-de-vidro/,"descrição de cargo (salário médio, atribuições), sem vaga"
https://www.decult.uerj.br/wp-content/uploads/2026/03/Vaga-para-Bolsista-Superior.pdf,"arquivo (PDF, documento ou imagem), não é página"
https://www.linkedin.com/feed/update/urn:li:activity:7478770074791763968,"categoria, tag, autor ou feed de blog"
https://sinalisa.com.br/servicos/dispositivos-auxiliares/implantacao-de-defensas-e-sistema-basic/,"notícia, curso, produto ou institucional que nunca rendeu vaga"
https://tinpavi.com.br/blog/defensas-metalicas-quando-e-por-que-utilizar-nas-rodovias,"notícia, curso, produto ou institucional que nunca rendeu vaga"
https://angelus.ind.br/pt-br/blog/dentista-na-industria/,"notícia, curso, produto ou institucional que nunca rendeu vaga"
https://cirurgia.ufsc.br/2025/07/,artigo datado sem nenhuma palavra de vaga na URL
https://www.opovo.com.br/esportes/futebol/2026/08/12/desafio-gol-a-gol-tera-disputa-de-goleiros-na-cidade-vozao.html,artigo datado sem nenhuma palavra de vaga na URL
https://andradesassessoria.com.br/produtos/desafio-profissional-de-olericultura/,"produto, loja ou curso, não é página de vagas"
https://www.brasilemfolhas.com.br/2026/03/desafios-producao-artesanal-castanha-caju-rio-grande-do-norte/,artigo datado sem nenhuma palavra de vaga na URL
https://cargos.com.br/cargo/desenfornador-de-tijolo-e-telha/,"descrição de cargo (salário médio, atribuições), sem vaga"
https://www.carrefour.com.br/produto/desengraxante-orbi-md7-multiuso-500ml-337986972,"produto, loja ou curso, não é página de vagas"
https://cargos.com.br/cargo/desenhista-de-embalagens/,"descrição de cargo (salário médio, atribuições), sem vaga"
https://cargos.com.br/cargo/desenhista-de-leiautes/,"descrição de cargo (salário médio, atribuições), sem vaga"
https://cargos.com.br/cargo/desenhista-industrial-textil/,"descrição de cargo (salário médio, atribuições), sem vaga"
https://cargos.com.br/cargo/desenhista-projetista-eletronico/,"descrição de cargo (salário médio, atribuições), sem vaga"
https://cargos.com.br/cargo/desenhista-tecnico-instalacoes-hidrossanitarias/,"descrição de cargo (salário médio, atribuições), sem vaga"
https://cargos.com.br/cargo/desenhista-tecnico-de-hidraulica/,"descrição de cargo (salário médio, atribuições), sem vaga"
https://cargos.com.br/cargo/desenhista-tecnico-em-refrigeracao/,"descrição de cargo (salário médio, atribuições), sem vaga"
https://cargos.com.br/cargo/desenhista-tecnico-em-ventilacao/,"descrição de cargo (salário médio, atribuições), sem vaga"
https://eu.dev.br/vagas/386a1dj9uoni7hfq-ibm-desenvolvedor-de-aplicacoes-junior-aws-cloud-modernization/,entrada repetida de agregador lido inteiro (fica uma só)
https://eu.dev.br/vagas/m4mqc3ww4gca6f8i-ibm-desenvolvedor-full-stack-pleno-azure-cloud/,entrada repetida de agregador lido inteiro (fica uma só)
https://eu.dev.br/vagas/evd8oqqgeq6yp92u-terac-desenvolvedor-full-stack-pleno-seguranca-e-ci-cd/,entrada repetida de agregador lido inteiro (fica uma só)
https://eu.dev.br/vagas/92lelmwgambxg60b-santander-desenvolvedor-full-stack-senior-angular-node-js/,entrada repetida de agregador lido inteiro (fica uma só)
https://www.linkedin.com/feed/update/urn:li:activity:7505340000855715840,"categoria, tag, autor ou feed de blog"
https://ictq.com.br/pos-graduacao/96-disciplinas-do-curso/3582-desenvolvimento-e-controle-de-qualidade-de-embalagem-farmaceutica,"produto, loja ou curso, não é página de vagas"
https://faculdadesenacpe.edu.br/graduacao/design-de-interiores,"produto, loja ou curso, não é página de vagas"
https://unifor.br/web/graduacao/design-de-interiores,"produto, loja ou curso, não é página de vagas"
https://www.unip.br/cursos/graduacao/tecnologicos/design_moda.aspx,"produto, loja ou curso, não é página de vagas"
https://japao.uniara.com.br/cursos/presencial/graduacao/design-de-moda/,"produto, loja ou curso, não é página de vagas"
https://www.sp.senac.br/pos-graduacao/pos-em-design-editorial,"produto, loja ou curso, não é página de vagas"
https://eu.dev.br/vagas/amns5ps5apb347at-united-nations-volun-design-grafico-visualizacao-de-dados-e-cam/,entrada repetida de agregador lido inteiro (fica uma só)
https://maua.br/pos-graduacao/especializacao-360h/design-inovacao-e-empreendedorismo-aplicados-ao-desenvolvimento-de-embalagens,"produto, loja ou curso, não é página de vagas"
https://ibdi-edu.com.br/blog/designer-de-interiores-um-guia-completo-sobre-a-profissao/,"notícia, curso, produto ou institucional que nunca rendeu vaga"
https://gcpat.com.br/pt-br/about/news/blog/demolders-advantages-a-good-choice,"notícia, curso, produto ou institucional que nunca rendeu vaga"
https://cargos.com.br/cargo/despachante-aduaneiro/,"descrição de cargo (salário médio, atribuições), sem vaga"
https://cargos.com.br/cargo/despachante-de-documentos/,"descrição de cargo (salário médio, atribuições), sem vaga"
https://cargos.com.br/cargo/destilador-de-alcool/,"descrição de cargo (salário médio, atribuições), sem vaga"
https://cargos.com.br/cargo/destilador-de-licores/,"descrição de cargo (salário médio, atribuições), sem vaga"
https://spdm.org.br/blog/diabetes-controle-e-prevencao-de-complicacoes/,"notícia, curso, produto ou institucional que nunca rendeu vaga"
https://www.diarioinduscom.com.br/Noticias/864378/zahi_taunay__lancamento_da_construtora_laguna__tem_assinatura_e_parceria_exclusiva_com_bernardes_arquitetura,"notícia, curso, produto ou institucional que nunca rendeu vaga"
https://decorlit.com.br/2025/02/17/diferenca-drywall-e-placas-cimenticias/,artigo datado sem nenhuma palavra de vaga na URL
https://cargos.com.br/cargo/diretor-de-som/,"descrição de cargo (salário médio, atribuições), sem vaga"
https://www.encontracampogrande.com.br/sobre/dk-borrachas-campo-grande-ms/,"notícia, curso, produto ou institucional que nunca rendeu vaga"
https://mais.opovo.com.br/jornal/farol/2025/08/24/do-fogao-as-pistas-conheca-cearense-que-trocou-a-culinaria-pela-corrida-de-rua.html,artigo datado sem nenhuma palavra de vaga na URL
https://cargos.com.br/cargo/dobrador-grafico/,"descrição de cargo (salário médio, atribuições), sem vaga"
https://cargos.com.br/cargo/doqueiro/,"descrição de cargo (salário médio, atribuições), sem vaga"
https://www.uol.com.br/vivabem/noticias/redacao/2026/01/07/dormir-com-pet-na-cama-faz-bem-o-que-a-ciencia-realmente-diz.htm,artigo datado sem nenhuma palavra de vaga na URL
https://cnabrasil.org.br/noticias/dos-alicerces-de-concreto-as-raizes-dos-pomares,"notícia, curso, produto ou institucional que nunca rendeu vaga"
https://cargos.com.br/cargo/dourador-metais/,"descrição de cargo (salário médio, atribuições), sem vaga"
https://slmandic.edu.br/cursos/curso/doutorado-em-ortodontia-capes-mec-5,"produto, loja ou curso, não é página de vagas"
https://eletricaserpal.com.br/produto/20921-driver-para-fita-led-36w,"produto, loja ou curso, não é página de vagas"
https://www.panrotas.com.br/empregos,entrada repetida de agregador lido inteiro (fica uma só)
https://globorural.globo.com/pecuaria/peixe/noticia/2026/09/e-possivel-criar-camarao-longe-do-mar-pesquisa-tenta-realizar-cultivo-no-interior-de-sao-paulo.ghtml,artigo datado sem nenhuma palavra de vaga na URL
https://eao.org.br/wp-content/uploads/2026/04/CHAMADA-PUBLICA-PRATARIA-ARTESANAL-EAOTPS.pdf,"arquivo (PDF, documento ou imagem), não é página"
https://99empregos.com.br/blog/ecogen-empresa-direcionada-para-a-excelencia-energetica-tem-vagas-veja/,entrada repetida de agregador lido inteiro (fica uma só)
https://cdn.cebraspe.org.br/concursos/ANSA_26/arquivos/3969A00660D0B4D434998AC83CDA12E570D28CC2D67C47C6FDF6C58697C33FB1.html,"notícia, curso, produto ou institucional que nunca rendeu vaga"
https://www.estrategiaconcursos.com.br/blog/concurso-cdp-2026-edital-publicado/,"notícia, curso, produto ou institucional que nunca rendeu vaga"
https://www.grupomedcof.com.br/blog/edital-residencia-medica-instituto-ims/,"notícia, curso, produto ou institucional que nunca rendeu vaga"
https://www.eca.usp.br/graduacao/editoracao,"produto, loja ou curso, não é página de vagas"
https://www.educamaisbrasil.com.br/educacao/carreira/5-areas-onde-o-profissional-de-fotografia-pode-atuar,artigo de lista editorial (ex.: '10 carreiras para...')
https://www.institutoipb.com.br/cursos/pos-graduacao-ead/educacional/educacao-a-distancia-ead/,"produto, loja ou curso, não é página de vagas"
https://unoeste.br/Egressos/Noticias/2019/7/educacao-fisica-possibilita-sucesso-em-diferentes-areas-.htm,artigo datado sem nenhuma palavra de vaga na URL
https://www.fasuleducacional.edu.br/posgraduacao/curso/pos-eficiencia-energetica,"produto, loja ou curso, não é página de vagas"
https://www.sonoticiaboa.com.br/2022/01/04/ela-sonhava-industria-soldadora-maior-obra-pais,artigo datado sem nenhuma palavra de vaga na URL
https://cargos.com.br/cargo/eletricista-de-instalacoes-cenarios/,"descrição de cargo (salário médio, atribuições), sem vaga"
https://cargos.com.br/cargo/eletricista-de-instalacoes-comerciais-e-residenciais/,"descrição de cargo (salário médio, atribuições), sem vaga"
https://cargos.com.br/cargo/eletricista-de-instalacoes-industriais/,"descrição de cargo (salário médio, atribuições), sem vaga"
https://cargos.com.br/cargo/eletromecanico-de-manutencao-de-escadas-rolantes/,"descrição de cargo (salário médio, atribuições), sem vaga"
https://cargos.com.br/cargo/eletrotecnico-producao-de-energia/,"descrição de cargo (salário médio, atribuições), sem vaga"
https://cargos.com.br/cargo/eletrotecnico-na-fabricacao/,"descrição de cargo (salário médio, atribuições), sem vaga"
https://academiamedica.com.br/blog/elmo-capacete-produzido-no-ceara-e-aprovado-pela-anvisa-reduz-em-60-necessidade-de-internacao-em-uti,"notícia, curso, produto ou institucional que nunca rendeu vaga"
https://cargos.com.br/cargo/embalador-de-mudas/,"descrição de cargo (salário médio, atribuições), sem vaga"
https://www.revistacultivar.com.br/noticias/embrapa-realiza-seminario-sobre-substrato-supressivo-a-doencas-de-plantas,"notícia, curso, produto ou institucional que nunca rendeu vaga"
https://hugocross.com.br/crossfit/2024/01/31/ele-e-o-atual-campeao-do-tcb-na-categoria-45-49-e-esta-focado-em-ir-aos-crossfit-games-conheca-emerson-magalhaes/,artigo datado sem nenhuma palavra de vaga na URL
https://www.antenacarioca.com.br/2025/11/emporio-da-brasa-inaugura-unidade-no.html,artigo datado sem nenhuma palavra de vaga na URL
https://brcooperativo.com.br/2026/06/emprega-coop-amazonia-legal-cooperativismo/,artigo datado sem nenhuma palavra de vaga na URL
https://cargos.com.br/cargo/empregado-domestico-arrumador/,"descrição de cargo (salário médio, atribuições), sem vaga"
https://www.tecmobile.com.br/blog/locadora-equipamentos-ti-eventos/,"notícia, curso, produto ou institucional que nunca rendeu vaga"
https://cargos.com.br/cargo/encanador/,"descrição de cargo (salário médio, atribuições), sem vaga"
https://cargos.com.br/cargo/encanador-industrial/,"descrição de cargo (salário médio, atribuições), sem vaga"
https://cargos.com.br/cargo/encarregado-de-elevador/,"descrição de cargo (salário médio, atribuições), sem vaga"
https://cargos.com.br/cargo/encarregado-de-lavanderia/,"descrição de cargo (salário médio, atribuições), sem vaga"
https://cargos.com.br/cargo/encarregado-de-manutencao-de-instrumentos-de-controle/,"descrição de cargo (salário médio, atribuições), sem vaga"
https://cargos.com.br/cargo/encarregado-de-serraria/,"descrição de cargo (salário médio, atribuições), sem vaga"
https://cargos.com.br/cargo/encarregado-de-setor-de-concreto/,"descrição de cargo (salário médio, atribuições), sem vaga"
https://cargos.com.br/cargo/encarregado-geral-de-fundicao/,"descrição de cargo (salário médio, atribuições), sem vaga"
https://cargos.com.br/cargo/encarregado-geral-de-malharia/,"descrição de cargo (salário médio, atribuições), sem vaga"
https://cargos.com.br/cargo/enchedor-de-salame/,"descrição de cargo (salário médio, atribuições), sem vaga"
https://www.hospitalpresidente.com.br/tag/endoscopia/,"categoria, tag, autor ou feed de blog"
https://cargos.com.br/cargo/enfardador/,"descrição de cargo (salário médio, atribuições), sem vaga"
https://cargos.com.br/cargo/enfardador-de-sucata-cooperativa/,"descrição de cargo (salário médio, atribuições), sem vaga"
https://www.faculdadeide.edu.br/pos-graduacao/enfermagem-em-cardiologia-e-hemodinamica--turma-8,"produto, loja ou curso, não é página de vagas"
https://cargos.com.br/cargo/enfermeiro-do-trabalho/,"descrição de cargo (salário médio, atribuições), sem vaga"
https://www.unijorge.edu.br/cursos/graduacao-bacharelado-engenharia-ambiental-e-sanitaria/,"produto, loja ou curso, não é página de vagas"
https://www.unisinos.br/graduacao/cursos/engenharia-de-alimentos/sao-leopoldo,"produto, loja ou curso, não é página de vagas"
https://maua.br/graduacao/engenharia-alimentos,"produto, loja ou curso, não é página de vagas"
https://www.unip.br/cursos/graduacao/tradicionais/engenharia_eletrica.aspx,"produto, loja ou curso, não é página de vagas"
https://www.iesb.br/noticias/engenharia-incorpora-novas-tecnologias-sustentaveis-em-edificios/,"notícia, curso, produto ou institucional que nunca rendeu vaga"
https://www.universidadesenaicimatec.edu.br/curso/engenharia-quimica/,"produto, loja ou curso, não é página de vagas"
https://pad.uem.br/det/cursos/engenharia-textil,"produto, loja ou curso, não é página de vagas"
https://det.uem.br/cursos/engenharia-textil,"produto, loja ou curso, não é página de vagas"
https://cargos.com.br/cargo/engenheiro-aquicultor/,"descrição de cargo (salário médio, atribuições), sem vaga"
https://cargos.com.br/cargo/engenheiro-civil-estruturas-metalicas/,"descrição de cargo (salário médio, atribuições), sem vaga"
https://cargos.com.br/cargo/engenheiro-civil-hidraulica/,"descrição de cargo (salário médio, atribuições), sem vaga"
https://cargos.com.br/cargo/engenheiro-de-alimentos/,"descrição de cargo (salário médio, atribuições), sem vaga"
https://cargos.com.br/cargo/engenheiro-de-estradas/,"descrição de cargo (salário médio, atribuições), sem vaga"
https://cargos.com.br/cargo/engenheiro-de-fauna-e-flora/,"descrição de cargo (salário médio, atribuições), sem vaga"
https://cargos.com.br/cargo/engenheiro-de-industria-quimica/,"descrição de cargo (salário médio, atribuições), sem vaga"
https://cargos.com.br/cargo/engenheiro-de-pavimentacao/,"descrição de cargo (salário médio, atribuições), sem vaga"
https://eu.dev.br/vagas/aliwon1aak5cdn5c-hitachi-energy-engenheiro-de-projeto-pleno-em-p-d-isolamento-e/,entrada repetida de agregador lido inteiro (fica uma só)
https://cargos.com.br/cargo/engenheiro-de-projetos-eletronicos/,"descrição de cargo (salário médio, atribuições), sem vaga"
https://cargos.com.br/cargo/engenheiro-de-sinalizacao-viaria/,"descrição de cargo (salário médio, atribuições), sem vaga"
https://cargos.com.br/cargo/engenheiro-metalurgico-producao-de-metais/,"descrição de cargo (salário médio, atribuições), sem vaga"
https://cargos.com.br/cargo/engenheiro-projetista-de-audio/,"descrição de cargo (salário médio, atribuições), sem vaga"
https://cargos.com.br/cargo/engenheiro-quimico-borracha/,"descrição de cargo (salário médio, atribuições), sem vaga"
https://cargos.com.br/cargo/engenheiro-quimico-cimento/,"descrição de cargo (salário médio, atribuições), sem vaga"
https://cargos.com.br/cargo/engenheiro-quimico-fertilizantes/,"descrição de cargo (salário médio, atribuições), sem vaga"
https://cargos.com.br/cargo/engenheiro-quimico-petroleo-e-petroquimica/,"descrição de cargo (salário médio, atribuições), sem vaga"
https://cargos.com.br/cargo/engenheiro-silvicultor/,"descrição de cargo (salário médio, atribuições), sem vaga"
https://eu.dev.br/vagas/g0netglzfxjtd34o-vale-engenheiro-a-especialista-senior-em-processo-mineral/,entrada repetida de agregador lido inteiro (fica uma só)
https://eu.dev.br/vagas/6chmlgvtfjnlmz0a-vale-engenheiro-a-senior-em-seguranca-de-processo/,entrada repetida de agregador lido inteiro (fica uma só)
https://www.fasuleducacional.edu.br/posgraduacao/curso/ensino-ludico,"produto, loja ou curso, não é página de vagas"
https://cargos.com.br/cargo/entalhador-de-madeira/,"descrição de cargo (salário médio, atribuições), sem vaga"
https://www.superbac.com.br/blog/fossas-septicas/,"notícia, curso, produto ou institucional que nunca rendeu vaga"
https://ctctech.com.br/blog/como-funciona-totem-de-autoatendimento/,"notícia, curso, produto ou institucional que nunca rendeu vaga"
https://gruporvvidros.com.br/contato/,"notícia, curso, produto ou institucional que nunca rendeu vaga"
https://www.jornaldarepublicaonline.com.br/noticia/entrevista-exclusiva-com-o-dr-jose-carlos-vieira-romeiro-fundador-do-centro-oftalmologico-de-botafogo,"notícia, curso, produto ou institucional que nunca rendeu vaga"
https://crool.com.br/blog/higiene/enxaguante-bucal-entenda-seu-uso-e-real-importancia/,"notícia, curso, produto ou institucional que nunca rendeu vaga"
https://inforchannel.com.br/2026/03/25/equinix-amplia-investimentos-no-desenvolvimento-da-forca-de-trabalho-global-de-data-centers-fazer-destaque/,artigo datado sem nenhuma palavra de vaga na URL
https://forbes.com.br/forbes-agro/2025/05/erva-mate-regenerativa-de-brasil-paraguai-a-argentina-abastece-mercado-nos-eua/,artigo datado sem nenhuma palavra de vaga na URL
https://es.senac.br/admin/data/dynamic/documentoprocessoseletivo/3905/downloads/68cd791610e38a12a4ed1c5fcad9fe06.pdf,"arquivo (PDF, documento ou imagem), não é página"
https://es.senac.br/admin/data/dynamic/documentoprocessoseletivo/3823/downloads/582cf745c65f298e99b120aa77aa0caa.pdf,"arquivo (PDF, documento ou imagem), não é página"
https://www.esalq.usp.br/graduacao/sites/default/files/folder-ciencias-dos-alimentos.pdf,"arquivo (PDF, documento ou imagem), não é página"
https://www.paranapraia.com.br/index.php/2025/09/23/escola-de-sushi-no-parana-formacao-itinerante-certificacao-e-foco-em-empregabilidade/,artigo datado sem nenhuma palavra de vaga na URL
https://www.bemparana.com.br/noticias/parana/escola-em-curitiba-lanca-projeto-de-formacao-para-artistas-da-tatuagem-com-ciclo-gratuito-de-oficinas/,"notícia, curso, produto ou institucional que nunca rendeu vaga"
https://cargos.com.br/cargo/escultor-de-madeira/,"descrição de cargo (salário médio, atribuições), sem vaga"
https://cargos.com.br/cargo/escultor-de-vidro/,"descrição de cargo (salário médio, atribuições), sem vaga"
https://cargos.com.br/cargo/esmaltador-de-banho-fundente/,"descrição de cargo (salário médio, atribuições), sem vaga"
https://cargos.com.br/cargo/especialista-em-documentacao-arquivistica/,"descrição de cargo (salário médio, atribuições), sem vaga"
https://eu.dev.br/vagas/ql7smbm8s02h0wgw-vale-especialista-em-seguranca-do-trabalho/,entrada repetida de agregador lido inteiro (fica uma só)
https://ifsc.edu.br/web/campus-sao-jose/especializacao/-/visualizar/especializacao-refrigeracao-climatizacao-gestao-de-energia/Campus-Sao-Jose/36002/52002/43Myyi4W4hVP,"produto, loja ou curso, não é página de vagas"
https://unifor.br/web/pos-graduacao/especializacao-em-central-de-material-e-esterilizacao-e-cuidados-cirurgicos,"produto, loja ou curso, não é página de vagas"
https://unifor.br/web/pos-graduacao/especializacao-em-criacao-tecnicas-e-mercados-em-artes-visuais,"produto, loja ou curso, não é página de vagas"
https://inbec.com.br/cursos/especializacao-drenagem-manejo-aguas-pluviais-urbanas-online,"produto, loja ou curso, não é página de vagas"
https://unifor.br/web/pos-graduacao/especializacao-em-eficiencia-energetica,"produto, loja ou curso, não é página de vagas"
https://slmandic.edu.br/cursos/curso/especializacao-em-endodontia-com-movimentos-rotatorio-e-reciprocante-microscopia-operatoria-mec-cfo-08007,"produto, loja ou curso, não é página de vagas"
https://slmandic.edu.br/cursos/curso/especializacao-em-endodontia-mec-cfo,"produto, loja ou curso, não é página de vagas"
https://unifor.br/web/pos-graduacao/especializacao-em-engenharia-clinica,"produto, loja ou curso, não é página de vagas"
https://unifor.br/web/pos-graduacao/especializacao-em-engenharia-de-seguranca-do-trabalho,"produto, loja ou curso, não é página de vagas"
https://inbec.com.br/index.php/cursos/especializacao-fachadas-aderidas-ventilada-com-pintura-presencial,"produto, loja ou curso, não é página de vagas"
https://slmandic.edu.br/cursos/curso/especializacao-em-harmonizacao-orofacial-mec-cfo,"produto, loja ou curso, não é página de vagas"
https://www.fdte.org.br/cursos/especializacao-em-higiene-ocupacional-ead/,"produto, loja ou curso, não é página de vagas"
https://unifor.br/web/pos-graduacao/especializacao-em-higiene-ocupacional,"produto, loja ou curso, não é página de vagas"
https://slmandic.edu.br/cursos/curso/especializacao-em-implantodontia-mec-cfo-capacitacao-em-implantodontia-digital-mec-capacitacao-em-plastica-periodontal-mec-3,"produto, loja ou curso, não é página de vagas"
https://portal.anclivepa-sp.org.br/curso/especializacao-em-nutricao-de-caes-e-gatos/,"produto, loja ou curso, não é página de vagas"
https://slmandic.edu.br/cursos/curso/especializacao-em-ortodontia-mec-cfo-4907,"produto, loja ou curso, não é página de vagas"
https://slmandic.edu.br/cursos/curso/especializacao-em-ortodontia-mec-cfo-10,"produto, loja ou curso, não é página de vagas"
https://unifor.br/web/pos-graduacao/especializacao-em-paisagismo,"produto, loja ou curso, não é página de vagas"
https://slmandic.edu.br/cursos/curso/especializacao-em-protese-dentaria-mec-cfo-capacitacao-em-odontologia-estetica-e-fluxo-digital-mec-capacitacao-em-oclusao-mec-07714,"produto, loja ou curso, não é página de vagas"
https://lemelaboratorio.com.br/blog/especializacao-em-protese-dentaria/,"notícia, curso, produto ou institucional que nunca rendeu vaga"
https://slmandic.edu.br/cursos/curso/especializacao-protese-dentaria-cfo-mec-especializacao-em-dentistica-cfo-mec-capacitacao-em-fluxo-digital-mec-07839,"produto, loja ou curso, não é página de vagas"
https://www.signify.com/pt-br/prof/luminarias-de-exteriores/esportes-e-areas/SMC_NSPAREA_CA/category,"categoria, tag, autor ou feed de blog"
https://cargos.com.br/cargo/esquadriador-madeira/,"descrição de cargo (salário médio, atribuições), sem vaga"
https://www.estacio.br/blog/noticias/dia-do-veterinario,"notícia, curso, produto ou institucional que nunca rendeu vaga"
https://www.linkedin.com/feed/update/urn:li:activity:7105924219355447296,"categoria, tag, autor ou feed de blog"
https://www.linkedin.com/feed/update/urn:li:activity:7460283850724896770,"categoria, tag, autor ou feed de blog"
https://www.linkedin.com/feed/update/urn:li:activity:7440515329677697025,"categoria, tag, autor ou feed de blog"
https://www.movement.com.br/produtos/cardio/esteiras/,"produto, loja ou curso, não é página de vagas"
https://cargos.com.br/cargo/estofador-de-avioes/,"descrição de cargo (salário médio, atribuições), sem vaga"
https://cargos.com.br/cargo/estofador-de-veiculos/,"descrição de cargo (salário médio, atribuições), sem vaga"
https://estudante.ifpb.edu.br/media/Edital_de_abertura_n%C2%BA_135-2026_-__Curso_T%C3%A9cnico_em_Instrumento_Musical_PSCT_2027.pdf,"arquivo (PDF, documento ou imagem), não é página"
https://ddetiquetasadesivas.com.br/produtos/etiquetas-de-composicao/,"produto, loja ou curso, não é página de vagas"
https://pessoal.ufrj.br/2021/08/etiqueta-respiratoria/,artigo datado sem nenhuma palavra de vaga na URL
https://maguilocacao.com.br/categoria/eventos/,"categoria, tag, autor ou feed de blog"
https://www.forte.jor.br/2026/04/10/exercito-brasileiro-recebe-retroescavadeira-blindada-desenvolvida-pelo-arsenal-de-guerra-do-rio/,artigo datado sem nenhuma palavra de vaga na URL
https://www.ulbra.br/canoas/extensao/curso/1068/laudos-tecnicos,"produto, loja ou curso, não é página de vagas"
https://cargos.com.br/cargo/extrator-de-latex-gomas-nao-elasticas/,"descrição de cargo (salário médio, atribuições), sem vaga"
https://online.faap.br/curso/pos-graduacao/fashion-business,"produto, loja ou curso, não é página de vagas"
https://metromodular.com.br/blog/fabricacao-de-formas-para-concreto-armado,"notícia, curso, produto ou institucional que nunca rendeu vaga"
https://www.redutoresibr.com.br/pt/institucional/qualidade,"notícia, curso, produto ou institucional que nunca rendeu vaga"
https://www.pucgoias.edu.br/cursos/graduacao/gestao-hospitalar-ead/,"produto, loja ou curso, não é página de vagas"
https://www.pucgoias.edu.br/cursos/graduacao/letras-portugues/,"produto, loja ou curso, não é página de vagas"
https://www.facene.com.br/noticias/instituto-synapse-iv-curso-de-suturas-cirurgicas-teoria-e-pratica-hands-on/,"notícia, curso, produto ou institucional que nunca rendeu vaga"
https://censupeg.com.br/curso/ultrassom-point-of-care/470,"produto, loja ou curso, não é página de vagas"
https://fcmsantacasasp.edu.br/vemprasanta/noticia/no-dia-da-seguranca-do-paciente-faculdade-realiza-oficina-com-escape-room/,"notícia, curso, produto ou institucional que nunca rendeu vaga"
https://poseadprominas.com.br/pos-graduacao/engenharias/KLDPF720/,"produto, loja ou curso, não é página de vagas"
https://www.pciconcursos.com.br/noticias/fahece-sc-abre-processos-seletivos-para-auxiliar-e-lider-de-higienizacao-em-florianopolis,"notícia, curso, produto ou institucional que nunca rendeu vaga"
https://www.pciconcursos.com.br/noticias/fahece-sc-anuncia-processos-seletivos-para-medico-e-tecnico-em-radiologia-no-cepon-de-florianopolis,"notícia, curso, produto ou institucional que nunca rendeu vaga"
https://kiteexperience.com.br/products/2026-07-13-family-kite-experience,"produto, loja ou curso, não é página de vagas"
https://cargos.com.br/cargo/farmaceutico-em-industria-de-alimentos/,"descrição de cargo (salário médio, atribuições), sem vaga"
https://cargos.com.br/cargo/farmaceutico-em-nutricao-animal/,"descrição de cargo (salário médio, atribuições), sem vaga"
https://cargos.com.br/cargo/farmaceutico-fitoterapeuta/,"descrição de cargo (salário médio, atribuições), sem vaga"
https://www.comvest.unicamp.br/cursos/curso-farmacia/,"produto, loja ou curso, não é página de vagas"
https://www.unisinos.br/graduacao/cursos/farmacia/semipresencial,"produto, loja ou curso, não é página de vagas"
https://empreenderemgoias.com.br/2024/10/01/fast-massagem-pode-fechar-ano-com-12-lojas/,artigo datado sem nenhuma palavra de vaga na URL
https://cargos.com.br/cargo/faxineiro-no-servico-domestico/,"descrição de cargo (salário médio, atribuições), sem vaga"
https://cargos.com.br/cargo/fechador-de-moldes-na-fundicao/,"descrição de cargo (salário médio, atribuições), sem vaga"
https://www.fecomercio.com.br/institucional/fale-conosco?area=trabalhe-conosco,"notícia, curso, produto ou institucional que nunca rendeu vaga"
https://unifef.edu.br/pos-graduacao/2309-design-de-interiores,"produto, loja ou curso, não é página de vagas"
https://unifef.edu.br/pos-graduacao/2234-farmacia-hospitalar-e-oncologica,"produto, loja ou curso, não é página de vagas"
https://www.rededorsaoluiz.com.br/instituto/idor/cursos/fellowship-em-ortopedia-e-traumatologia-rj/,"produto, loja ou curso, não é página de vagas"
https://www.dgabc.com.br/Noticia/155450/ferias-bem-aproveitadas,"notícia, curso, produto ou institucional que nunca rendeu vaga"
https://cargos.com.br/cargo/fermentador/,"descrição de cargo (salário médio, atribuições), sem vaga"
https://cargos.com.br/cargo/ferramenteiro-de-coquilhas/,"descrição de cargo (salário médio, atribuições), sem vaga"
https://cargos.com.br/cargo/ferramenteiro-de-injecao-termoplastico/,"descrição de cargo (salário médio, atribuições), sem vaga"
https://cargos.com.br/cargo/ferreiro-armador-na-construcao-civil/,"descrição de cargo (salário médio, atribuições), sem vaga"
https://ferrowam.com.br/produtos/,"produto, loja ou curso, não é página de vagas"
https://www.adufertil.com.br/noticias/fertirrigacao/,"notícia, curso, produto ou institucional que nunca rendeu vaga"
https://cargos.com.br/cargo/fibrador-fabricacao-de-fibra-de-vidro/,"descrição de cargo (salário médio, atribuições), sem vaga"
https://cargos.com.br/cargo/fibreiro-de-sisal/,"descrição de cargo (salário médio, atribuições), sem vaga"
https://fieam.org.br/senai/wp-content/uploads/sites/16/2025/01/290125-1-002-2025-PSE-ESWL-INS_Eng-Mecanico.pdf,"arquivo (PDF, documento ou imagem), não é página"
https://fieam.org.br/senai/wp-content/uploads/sites/16/2026/01/080126-1-005-2026-PSE-ESWL-INM_SOLDA.pdf,"arquivo (PDF, documento ou imagem), não é página"
https://fiepi.com.br/servicos/processo_seletivo_004_2025_iel_sesi/,"notícia, curso, produto ou institucional que nunca rendeu vaga"
https://cargos.com.br/cargo/filigranista/,"descrição de cargo (salário médio, atribuições), sem vaga"
https://www.mpfiltri.com/pt-pt/product/filtros-de-retorno/,"produto, loja ou curso, não é página de vagas"
https://cargos.com.br/cargo/fiscal-de-patio-de-usina-de-concreto/,"descrição de cargo (salário médio, atribuições), sem vaga"
https://cargos.com.br/cargo/fisioterapeuta-respiratoria/,"descrição de cargo (salário médio, atribuições), sem vaga"
https://presencial.fametro.edu.br/cursos/fisioterapia/,"produto, loja ou curso, não é página de vagas"
https://unef.edu.br/graduacao/fisioterapia/,"produto, loja ou curso, não é página de vagas"
https://www.faculdadeide.edu.br/pos-graduacao/fisioterapia-em-gerontologia-recife,"produto, loja ou curso, não é página de vagas"
https://cargos.com.br/cargo/fixador-de-moldes-na-fundicao/,"descrição de cargo (salário médio, atribuições), sem vaga"
https://cargos.com.br/cargo/flavorista/,"descrição de cargo (salário médio, atribuições), sem vaga"
https://www.flitapp.com.br/sobre,"notícia, curso, produto ou institucional que nunca rendeu vaga"
https://www.clickriomafra.com.br/noticias/diversas/floresta-magica-promete-aventura-com-tirolesa-e-outras-atracoes-ineditas-nas-ferias/,"notícia, curso, produto ou institucional que nunca rendeu vaga"
https://cargos.com.br/cargo/floricultor-no-cultivo-de-flores-e-folhagens-de-corte/,"descrição de cargo (salário médio, atribuições), sem vaga"
https://cargos.com.br/cargo/floricultor-no-cultivo-de-forragens/,"descrição de cargo (salário médio, atribuições), sem vaga"
https://www.fm.usp.br/ccex/especializacao/orteses-proteses-e-meios-auxiliares-de-locomocao,"produto, loja ou curso, não é página de vagas"
https://cargos.com.br/cargo/fonoaudiologo-em-saude-coletiva/,"descrição de cargo (salário médio, atribuições), sem vaga"
https://iag.puc-rio.br/curso/formacao-gestao-de-experiencia-e-do-entretenimento-musica-e-audiovisual/,"produto, loja ou curso, não é página de vagas"
https://www.blok.com.br/blog/formas-para-concreto,"notícia, curso, produto ou institucional que nunca rendeu vaga"
https://napratica.org.br/noticias/formou-em-engenharia-veja-as-areas-de-atuacao-mais-comuns-no-mercado,"notícia, curso, produto ou institucional que nunca rendeu vaga"
https://cargos.com.br/cargo/forneiro-de-forno-reverbero/,"descrição de cargo (salário médio, atribuições), sem vaga"
https://cargos.com.br/cargo/forneiro-de-forno-poco/,"descrição de cargo (salário médio, atribuições), sem vaga"
https://cargos.com.br/cargo/forneiro-de-fundicao/,"descrição de cargo (salário médio, atribuições), sem vaga"
https://cargos.com.br/cargo/forneiro-de-reaquecimento-e-tratamento-termico-na-metalurgia/,"descrição de cargo (salário médio, atribuições), sem vaga"
https://cargos.com.br/cargo/forneiro-de-tempera/,"descrição de cargo (salário médio, atribuições), sem vaga"
https://cargos.com.br/cargo/forneiro-de-vidro/,"descrição de cargo (salário médio, atribuições), sem vaga"
https://cargos.com.br/cargo/forneiro-e-operador-forno-eletrico/,"descrição de cargo (salário médio, atribuições), sem vaga"
https://cargos.com.br/cargo/forneiro-e-operador-de-forno-de-reducao-direta/,"descrição de cargo (salário médio, atribuições), sem vaga"
https://www.divimonacustica.com.br/divimon/index.php/produtos/acustica/forro-de-drywall-acustico,"produto, loja ou curso, não é página de vagas"
https://gessoagape.com.br/servicos/forro-em-drywall/,"notícia, curso, produto ou institucional que nunca rendeu vaga"
https://serit.com.br/produto/forro-white-cine-ae-ir50-625x1250x50mm-22-placas-trisoft/,"produto, loja ou curso, não é página de vagas"
https://encontresuafranquia.com.br/categorias/franquia/alimentacao/acai/,"categoria, tag, autor ou feed de blog"
https://www1.folha.uol.com.br/mercado/2026/06/franquias-de-sorvetes-e-acai-se-expandem-pelo-brasil-e-miram-mercado-global.shtml,artigo datado sem nenhuma palavra de vaga na URL
https://www.linkedin.com/feed/update/urn:li:activity:7479952561307938817,"categoria, tag, autor ou feed de blog"
https://www.jhaequipamentos.com.br/blog/o-que-e-melhor-freezer-ou-conservador-de-congelados-saiba-a-diferenca-entre-os-dois/,"notícia, curso, produto ou institucional que nunca rendeu vaga"
https://cargos.com.br/cargo/fresador-fresadora-universal/,"descrição de cargo (salário médio, atribuições), sem vaga"
https://frutapolpa.com.br/contato,"notícia, curso, produto ou institucional que nunca rendeu vaga"
https://www.mapaeducacional.com.br/noticia/funcap-centec-curso-energias-renovaveis-bolsa-ceara-2026,"notícia, curso, produto ou institucional que nunca rendeu vaga"
https://cargos.com.br/cargo/fundidor-de-ligas-metalicas/,"descrição de cargo (salário médio, atribuições), sem vaga"
https://cargos.com.br/cargo/funileiro-de-veiculos-reparacao/,"descrição de cargo (salário médio, atribuições), sem vaga"
https://cargos.com.br/cargo/funileiro-industrial/,"descrição de cargo (salário médio, atribuições), sem vaga"
https://www.funpresp.com.br/wp-content/uploads/2025/01/Plano_de_Carreira_de_Analista_de_Previdencia_Complementar_PCA_2025.pdf,"arquivo (PDF, documento ou imagem), não é página"
https://www.corinthians.com.br/noticias/futebol-feminino-brabas-ajustam-jogadas-de-bolas-paradas-nesta-quarta-no-ct,"notícia, curso, produto ou institucional que nunca rendeu vaga"
https://www.fuvest.br/wp-content/uploads/2026-01-29_RH-007-2026_edital_abertura_medico_otorrino.pdf,"arquivo (PDF, documento ou imagem), não é página"
https://www.fuvest.br/wp-content/uploads/fuvest2027-guia-carreiras.pdf,"arquivo (PDF, documento ou imagem), não é página"
https://www.galaxcms.com.br/up_arquivos/877/CCTAUTOPEcAS-20230630083905.pdf,"arquivo (PDF, documento ou imagem), não é página"
https://modenacontroles.com.br/produto/garras-mecanicas/,"produto, loja ou curso, não é página de vagas"
https://airtacbr.com.br/produtos/garras-pneumaticas,"produto, loja ou curso, não é página de vagas"
https://mtibrasil.com.br/blog/pneumatica-geral/cilindros-pneumaticos/garras-pneumaticas/,"notícia, curso, produto ou institucional que nunca rendeu vaga"
https://mtibrasil.com.br/produtos/pneumatica/cilindros-pneumaticos/garras-pneumaticas/,"produto, loja ou curso, não é página de vagas"
https://bermo.com.br/produtos/detalhes/gaxeta-para-trocador-de-calor-bp60m/,"produto, loja ou curso, não é página de vagas"
https://gerenciador.institutoipes.org.br/wp-content/uploads/2026/07/Edital-02.2026-FACILITADOR-PCD.pdf,"arquivo (PDF, documento ou imagem), não é página"
https://cargos.com.br/cargo/gerente-de-arte-teatral/,"descrição de cargo (salário médio, atribuições), sem vaga"
https://cargos.com.br/cargo/gerente-de-credito-rural/,"descrição de cargo (salário médio, atribuições), sem vaga"
https://cargos.com.br/cargo/gesseiro-de-decoracao/,"descrição de cargo (salário médio, atribuições), sem vaga"
https://cargos.com.br/cargo/gesseiro-de-revestimento/,"descrição de cargo (salário médio, atribuições), sem vaga"
https://cargos.com.br/cargo/gesseiro-forrador/,"descrição de cargo (salário médio, atribuições), sem vaga"
https://cargos.com.br/cargo/gesseiro-fundidor/,"descrição de cargo (salário médio, atribuições), sem vaga"
https://cargos.com.br/cargo/gesseiro-modelador/,"descrição de cargo (salário médio, atribuições), sem vaga"
https://cargos.com.br/cargo/gesseiro-plaqueiro/,"descrição de cargo (salário médio, atribuições), sem vaga"
https://www.unip.br/cursos/graduacao/tecnologicos/gestao_cooperativas.aspx,"produto, loja ou curso, não é página de vagas"
https://estudenapuc.pucpr.br/pos-graduacao/cursos/gestao-manejo-e-sanidade-avicola-toledo/,"produto, loja ou curso, não é página de vagas"
https://jpefconsultoria.com.br/artigos/gestor-ambiental-na-industria-de-papel-e-celulose,"notícia, curso, produto ou institucional que nunca rendeu vaga"
https://www.ghpc.com.br/produtos/atuadores/atuadores-garra,"produto, loja ou curso, não é página de vagas"
https://portal6.com.br/2024/10/10/goiano-de-coracao-peruano-representa-o-estado-em-competicao-nacional-de-sushi/,artigo datado sem nenhuma palavra de vaga na URL
https://www.gov.br/icmbio/pt-br/assuntos/protecao/seja-um-agente-temporario-ambiental/2026/gr-2-nordeste/SEI_ICMBio023379922EditalATAFisc.Ambiental.pdf,"arquivo (PDF, documento ou imagem), não é página"
https://www.gov.br/icmbio/pt-br/acesso-a-informacao/governanca-e-gestao-de-pessoas/arquivos/ed_1_icmbio_21_abertura.pdf,"arquivo (PDF, documento ou imagem), não é página"
https://www.gov.br/mdr/pt-br/acesso-a-informacao/editalsnsh_559.pdf,"arquivo (PDF, documento ou imagem), não é página"
https://www.univates.br/graduacao/engenharia-de-alimentos,"produto, loja ou curso, não é página de vagas"
https://www.univates.br/graduacao/fotografia/informacoes-do-curso,"produto, loja ou curso, não é página de vagas"
https://www.pvfasulbarbacena.com.br/posgraduacao/curso/docencia-no-ensino-de-danca,"produto, loja ou curso, não é página de vagas"
https://educabolsa.com.br/cursos/engenharia-quimica,"produto, loja ou curso, não é página de vagas"
https://ead.univem.edu.br/curso/graduacao-pedagogia-ead/,"produto, loja ou curso, não é página de vagas"
https://educabolsa.com.br/cursos/producao-cultural,"produto, loja ou curso, não é página de vagas"
https://cs.edu.br/graduacao/radio-tv-e-internet,"produto, loja ou curso, não é página de vagas"
https://cargos.com.br/cargo/graniteiro/,"descrição de cargo (salário médio, atribuições), sem vaga"
https://cargos.com.br/cargo/gravador-de-cliches-madeira/,"descrição de cargo (salário médio, atribuições), sem vaga"
https://cargos.com.br/cargo/gravador-de-matriz-serigrafica/,"descrição de cargo (salário médio, atribuições), sem vaga"
https://cargos.com.br/cargo/gravador-de-rotogravura/,"descrição de cargo (salário médio, atribuições), sem vaga"
https://www.tigre.com.br/produtos/obras-e-reformas/drenagem/grelhas-e-calhas-de-piso,"produto, loja ou curso, não é página de vagas"
https://jornalconquista.com.br/2026/08/01/grupo-dass-construa-seu-futuro-aqui/,artigo datado sem nenhuma palavra de vaga na URL
https://eurio.com.br/noticia/94491/grupo-molejo-promete-muito-pagode-das-antigas-na-lapa.html,"notícia, curso, produto ou institucional que nunca rendeu vaga"
https://unicaeadlinhares.com.br/pos-graduacao/engenharias/LDPFFFF720/,"produto, loja ou curso, não é página de vagas"
https://miriangasparin.com.br/2024/03/grupo-zonta-anuncia-compra-da-aguas-ouro-fino/,artigo datado sem nenhuma palavra de vaga na URL
https://guaranifc.com.br/blog/guarani-oficializa-emprestimos-de-atletas/,"notícia, curso, produto ou institucional que nunca rendeu vaga"
https://innovareesquadrias.com.br/produtos/guarda-corpo-infinity/,"produto, loja ou curso, não é página de vagas"
https://www.divinalvidros.com.br/blog/guarda-corpo-de-vidro,"notícia, curso, produto ou institucional que nunca rendeu vaga"
https://centralvidroseesquadrias.com.br/produto/guarda-corpos-e-corrimao/,"produto, loja ou curso, não é página de vagas"
https://www.industriasantaluzia.com.br/produtos/por-categoria/guarnicao/,"produto, loja ou curso, não é página de vagas"
https://www.wreducacional.com.br/blog/manutencao-eletrica-predial-e-industrial,"notícia, curso, produto ou institucional que nunca rendeu vaga"
https://www.blok.com.br/blog/piscinas-de-alvenaria,"notícia, curso, produto ou institucional que nunca rendeu vaga"
https://rotexmaquinas.com.br/blog/guia-completo-como-escolher-a-esteira-transportadora-ideal-para-a-sua-empresa,"notícia, curso, produto ou institucional que nunca rendeu vaga"
https://www.moura.com.br/blog/guia-de-capacete-de-moto,"notícia, curso, produto ou institucional que nunca rendeu vaga"
https://cargos.com.br/cargo/guincheiro/,"descrição de cargo (salário médio, atribuições), sem vaga"
https://cargos.com.br/cargo/guincheiro-construcao-civil/,"descrição de cargo (salário médio, atribuições), sem vaga"
https://www.odontologianews.com.br/blog/2025/06/02/harmonizacao-orofacial/,artigo datado sem nenhuma palavra de vaga na URL
https://www.avantplanejamento.com.br/blog/harmonizacao-orofacial-o-que-e-e-como-dentistas-podem-oferecer,"notícia, curso, produto ou institucional que nunca rendeu vaga"
https://confiseg.com.br/seguranca/?product_cat=haste-estrela,"produto, loja ou curso, não é página de vagas"
https://www.extramercado.com.br/produto/90570/hastes-flexiveis-cotonetes-75-unidades,"produto, loja ou curso, não é página de vagas"
https://www.otempo.com.br/economia/2024/8/21/heineken-abre-350-novos-postos-de-trabalho-para-a-cervejaria-de-,artigo datado sem nenhuma palavra de vaga na URL
https://cce.faccesa.edu.br/curso/pos-graduacao/hematologia-e-hemoterapia-laboratorial/recife/pe,"produto, loja ou curso, não é página de vagas"
https://www.fasuleducacional.edu.br/posgraduacao/curso/higienista-ocupacional,"produto, loja ou curso, não é página de vagas"
https://www.linkedin.com/feed/update/urn:li:activity:7411559248985325568,"categoria, tag, autor ou feed de blog"
https://cargos.com.br/cargo/horticultor-de-frutos-e-sementes/,"descrição de cargo (salário médio, atribuições), sem vaga"
https://www.em.com.br/galeria/2026/04/72b7408484-hortifruti-como-arte-a-ideia-que-levou-empresario-ao-sucesso-nas-redes-sociais.html,artigo datado sem nenhuma palavra de vaga na URL
https://www.embrast.com.br/categoria/hospitalar,"categoria, tag, autor ou feed de blog"
https://htri.org.br/portal_u/hmv/phocadownloadpap/userupload/editais/2026/10/EDITAL%20102026%20-CIRURGIAO%20DENTISTA.pdf,"arquivo (PDF, documento ou imagem), não é página"
https://www.iar.unicamp.br/wp-content/uploads/2019/11/anais-congresso-percussao-1.pdf,"arquivo (PDF, documento ou imagem), não é página"
https://buonny.com.br/blog/icamento-de-carga/,"notícia, curso, produto ou institucional que nunca rendeu vaga"
https://www.icarocerqueira.com.br/sobre,"notícia, curso, produto ou institucional que nunca rendeu vaga"
https://ifsertaope.edu.br/ouricuri/wp-content/uploads/sites/4/2026/05/Edital-2026-Oficinas-de-Pifano-assinado-1.pdf,"arquivo (PDF, documento ou imagem), não é página"
https://www.purepeople.com.br/noticia/5-hidratantes-corporais-com-brilho-para-apostar_a383179/1,"notícia, curso, produto ou institucional que nunca rendeu vaga"
https://construcril.com.br/product/impermeabilizante-flexivel-flex-balde-16-kg-un/,"produto, loja ou curso, não é página de vagas"
https://hvex.com.br/blog/view/importancia-dos-paineis-eletricos-e-as-solucoes-hvex/75c216b1-f2ea-4766-8b08-65f6f7433e89,"notícia, curso, produto ou institucional que nunca rendeu vaga"
https://cargos.com.br/cargo/impregnador-de-madeira/,"descrição de cargo (salário médio, atribuições), sem vaga"
https://cargos.com.br/cargo/impressor-de-cartazes/,"descrição de cargo (salário médio, atribuições), sem vaga"
https://cargos.com.br/cargo/impressor-de-etiqueta/,"descrição de cargo (salário médio, atribuições), sem vaga"
https://cargos.com.br/cargo/impressor-de-rotulos/,"descrição de cargo (salário médio, atribuições), sem vaga"
https://cargos.com.br/cargo/impressor-de-selo/,"descrição de cargo (salário médio, atribuições), sem vaga"
https://cargos.com.br/cargo/impressor-de-talho-doce/,"descrição de cargo (salário médio, atribuições), sem vaga"
https://cargos.com.br/cargo/impressor-flexografico/,"descrição de cargo (salário médio, atribuições), sem vaga"
https://www.kabum.com.br/produto/102991/impressora-de-etiquetas-brother-ql800-ate-300x600-dpi-usb,"produto, loja ou curso, não é página de vagas"
https://www.racineonline.com.br/categoria/industria-distribuicao-domissanitarios-saneantes,"categoria, tag, autor ou feed de blog"
https://portal.anclivepa-sp.org.br/curso/iniciando-na-clinica-veterinaria-passos-essenciais-para-um-atendimento-de-sucesso/,"produto, loja ou curso, não é página de vagas"
https://newsacembrasincep.com.br/2025/03/06/inscreva-se-para-o-curso-boas-praticas-e-aprimoramento-no-setor-pet/,artigo datado sem nenhuma palavra de vaga na URL
https://newsacembrasincep.com.br/2026/05/14/inscreva-se-programa-de-certificacao-em-gestao-e-operacao-de-crematorios-certified-cremation-operator-cco/,artigo datado sem nenhuma palavra de vaga na URL
https://igua.com.br/cuiaba/noticias/inscricoes-abertas-ate-17-de-julho-para-cursos-profissionalizantes-da-aguas-cuiaba,"notícia, curso, produto ou institucional que nunca rendeu vaga"
https://www.caraguatatuba.sp.gov.br/pmc/2026/02/inscricoes-abertas-para-curso-gratuito-de-tecnicas-para-assentamento-de-revestimento-ceramicos-em-caraguatatuba/,artigo datado sem nenhuma palavra de vaga na URL
https://www.furg.br/editais/editais-graduacao/inscricoes-abertas-para-o-projeto-sai-jogo-2026-2,"notícia, curso, produto ou institucional que nunca rendeu vaga"
https://www.faroldabahia.com.br/noticia/inscricoes-para-aulas-gratuitas-no-centro-de-boxe-e-artes-marciais-seguem-abertas,"notícia, curso, produto ou institucional que nunca rendeu vaga"
https://www.embrapa.br/web/gado-de-leite/cursos/inseminacao-artificial-de-bovinos,"produto, loja ou curso, não é página de vagas"
https://cargos.com.br/cargo/inspetor-de-equipamentos/,"descrição de cargo (salário médio, atribuições), sem vaga"
https://cargos.com.br/cargo/inspetor-de-equipamentos-estruturas-metalicas/,"descrição de cargo (salário médio, atribuições), sem vaga"
https://cargos.com.br/cargo/inspetor-de-linhas-de-cabos-aereos/,"descrição de cargo (salário médio, atribuições), sem vaga"
https://cargos.com.br/cargo/inspetor-de-medicao/,"descrição de cargo (salário médio, atribuições), sem vaga"
https://cargos.com.br/cargo/inspetor-de-qualidade-nas-industrias/,"descrição de cargo (salário médio, atribuições), sem vaga"
https://cargos.com.br/cargo/inspetor-de-via-permanente-trilhos/,"descrição de cargo (salário médio, atribuições), sem vaga"
https://incen.com.br/servicos/instalacao-sprinklers/,"notícia, curso, produto ou institucional que nunca rendeu vaga"
https://www.znimovel.com.br/blog/cercas-concertinas-na-zona-norte-de-sao-paulo/4273/,"notícia, curso, produto ou institucional que nunca rendeu vaga"
https://ftp.edu.br/curso/camara_fria_industrial/,"produto, loja ou curso, não é página de vagas"
https://www.vobi.com.br/blog/instalacoes-hidraulicas,"notícia, curso, produto ou institucional que nunca rendeu vaga"
https://cargos.com.br/cargo/instalador-de-alarme/,"descrição de cargo (salário médio, atribuições), sem vaga"
https://cargos.com.br/cargo/instalador-de-antenas-de-televisao/,"descrição de cargo (salário médio, atribuições), sem vaga"
https://cargos.com.br/cargo/instalador-de-canos/,"descrição de cargo (salário médio, atribuições), sem vaga"
https://cargos.com.br/cargo/instalador-de-cortinas-e-persianas/,"descrição de cargo (salário médio, atribuições), sem vaga"
https://cargos.com.br/cargo/instalador-de-maquinas/,"descrição de cargo (salário médio, atribuições), sem vaga"
https://cargos.com.br/cargo/instalador-de-material-isolante/,"descrição de cargo (salário médio, atribuições), sem vaga"
https://cargos.com.br/cargo/instalador-de-tubulacoes-embarcacoes/,"descrição de cargo (salário médio, atribuições), sem vaga"
https://cargos.com.br/cargo/instalador-de-tubulacoes-de-vapor/,"descrição de cargo (salário médio, atribuições), sem vaga"
https://cargos.com.br/cargo/instalador-hidraulico/,"descrição de cargo (salário médio, atribuições), sem vaga"
https://www.casadocapacete.com.br/institucional/sobre,"notícia, curso, produto ou institucional que nunca rendeu vaga"
https://construcril.com.br/institucional/,"notícia, curso, produto ou institucional que nunca rendeu vaga"
https://ergomobili.com.br/institucional/,"notícia, curso, produto ou institucional que nunca rendeu vaga"
https://www.unisesmt.com.br/institucional/,"notícia, curso, produto ou institucional que nunca rendeu vaga"
https://institutosantosdumont.org.br/wp-content/uploads/2022/03/Edital-N.07-2022-Preceptora-M%C3%A9dicoa-Ultrassonografista-Sa%C3%BAde-Materno-Infantil-ISD.pdf,"arquivo (PDF, documento ou imagem), não é página"
https://institutosantosdumont.org.br/wp-content/uploads/2021/11/Edital_PD-e-LMA_Terapia-Ocupacional.pdf,"arquivo (PDF, documento ou imagem), não é página"
https://institutosantosdumont.org.br/wp-content/uploads/2026/02/Ed.-05_2026-Preceptor-Fisio-certo-.docx.pdf,"arquivo (PDF, documento ou imagem), não é página"
https://institutosantosdumont.org.br/wp-content/uploads/2022/09/Edital-N.-22.2022-Preceptora-M%C3%A9dicoa-Oftalmologista-CER-ISD.pdf,"arquivo (PDF, documento ou imagem), não é página"
https://faveni.edu.br/curso/instrumentacao-cirurgica-centro-cirurgico-e-central-de-material-e-esterilizacao/,"produto, loja ou curso, não é página de vagas"
https://unifaveni.com.br/curso/instrumentacao-cirurgica-centro-cirurgico-e-central-de-material-e-esterilizacao/,"produto, loja ou curso, não é página de vagas"
https://cargos.com.br/cargo/instrumentador-em-cirurgia/,"descrição de cargo (salário médio, atribuições), sem vaga"
https://cargos.com.br/cargo/instrumentista-de-laboratorio-manutencao/,"descrição de cargo (salário médio, atribuições), sem vaga"
https://www.iposespecializacao.com.br/curso/sinalizacao-e-seguranca-viaria-28,"produto, loja ou curso, não é página de vagas"
https://www.iposespecializacao.com.br/curso/projeto-estrutural-em-concreto-armado-e-protendido-para-pontes-e-viadutos-24,"produto, loja ou curso, não é página de vagas"
https://www.iposespecializacao.com.br/curso/engenharia-de-estruturas-metalicas-25,"produto, loja ou curso, não é página de vagas"
https://www.iposespecializacao.com.br/curso/revestimentos-de-fachadas-projeto-execucao-e-patologia-71,"produto, loja ou curso, não é página de vagas"
https://www.iposespecializacao.com.br/curso/engenharia-de-pavimentacao-27,"produto, loja ou curso, não é página de vagas"
https://www.iposespecializacao.com.br/curso/usina-de-asfalto-40,"produto, loja ou curso, não é página de vagas"
https://www.iposespecializacao.com.br/curso/drenagem-urbana-e-viaria-21,"produto, loja ou curso, não é página de vagas"
https://www.iposespecializacao.com.br/curso/projeto-de-drenagem-de-rodovias-44,"produto, loja ou curso, não é página de vagas"
https://99empregos.com.br/blog/itatiaia-radio-mineira-de-alta-relevancia-tem-oportunidades-confira/,entrada repetida de agregador lido inteiro (fica uma só)
https://www.linkedin.com/feed/update/urn:li:activity:7204952751036940288,"categoria, tag, autor ou feed de blog"
https://www.wilsonloja.com.br/products/jaqueta-esportiva-core-w-pt,"produto, loja ou curso, não é página de vagas"
https://vagas.clickpetroleoegas.com.br/empresas/jet-ltda/,entrada repetida de agregador lido inteiro (fica uma só)
https://cargos.com.br/cargo/joalheiro-na-fabricacao/,"descrição de cargo (salário médio, atribuições), sem vaga"
https://cargos.com.br/cargo/joalheiro-ourives-na-fabricacao-e-reparacao/,"descrição de cargo (salário médio, atribuições), sem vaga"
https://www.otempo.com.br/entretenimento/2025/8/28/joao-fera-historia-pelas-teclas-dos-paralamas-do-sucesso,artigo datado sem nenhuma palavra de vaga na URL
https://jornal.unesp.br/2024/11/22/vinicius-barros-e-referencia-em-ritmos-brasileiros-dentro-e-fora-do-pais/,artigo datado sem nenhuma palavra de vaga na URL
https://sportbuzz.com.br/outros-esportes/2024/09/21/julika-de-14-anos-e-bicampea-mundial-de-patins/,artigo datado sem nenhuma palavra de vaga na URL
https://jundiai.sp.gov.br/saude/wp-content/uploads/sites/17/2024/09/orienta__o-nutricional-diabetes.pdf,"arquivo (PDF, documento ou imagem), não é página"
https://www.dinatecnica.com.br/blog/junta-compensadora-de-dilatacao,"notícia, curso, produto ou institucional que nunca rendeu vaga"
https://stateraengenharia.com.br/servicos/juntas-de-dilatacao/,"notícia, curso, produto ou institucional que nunca rendeu vaga"
https://www.kabum.com.br/produto/650401/halloween-and-ash-vs-evil-dead-retrorealms-double-feature-ps4-midia-fisica,"produto, loja ou curso, não é página de vagas"
https://www.uol.com.br/esporte/ultimas-noticias/agencia/2026/09/04/katie-taylor-pendura-as-luvas-diante-de-80-mil-fas-e-se-torna-mais-uma-lenda-do-boxe.htm,artigo datado sem nenhuma palavra de vaga na URL
https://kitcia.com.br/produto/kit-batentes-amortecedor-traseiro-11/,"produto, loja ou curso, não é página de vagas"
https://www.uol.com.br/vivabem/noticias/redacao/2024/06/19/kombucha-veja-como-fazer-e-quais-sao-os-beneficios-da-bebida-fermentada.htm,artigo datado sem nenhuma palavra de vaga na URL
http://lamisolantes.com.br/produtos/la-de-vidro/,"produto, loja ou curso, não é página de vagas"
https://cargos.com.br/cargo/labirinteira-rendas-e-bordados/,"descrição de cargo (salário médio, atribuições), sem vaga"
https://www.laboratoriodacerveja.com.br/sobre,"notícia, curso, produto ou institucional que nunca rendeu vaga"
https://cargos.com.br/cargo/laboratorista-de-solos/,"descrição de cargo (salário médio, atribuições), sem vaga"
https://cargos.com.br/cargo/laceiro-de-cabos-de-aco/,"descrição de cargo (salário médio, atribuições), sem vaga"
https://cargos.com.br/cargo/lagareiro/,"descrição de cargo (salário médio, atribuições), sem vaga"
https://medixbrasil.com.br/produto/lamina-de-bisturi-aco-inoxidavel-1760560808,"produto, loja ou curso, não é página de vagas"
https://cargos.com.br/cargo/laminador-de-madeira/,"descrição de cargo (salário médio, atribuições), sem vaga"
https://medixbrasil.com.br/produto/lanceta-de-seguranca,"produto, loja ou curso, não é página de vagas"
https://cargos.com.br/cargo/lapidador-joias/,"descrição de cargo (salário médio, atribuições), sem vaga"
https://cargos.com.br/cargo/lapidador-de-cristais-de-otica/,"descrição de cargo (salário médio, atribuições), sem vaga"
https://www.uol.com.br/vivabem/noticias/redacao/2023/08/18/larguei-multinacional-para-correr-uma-maratona-por-dia-durante-um-ano.htm,artigo datado sem nenhuma palavra de vaga na URL
https://guitarload.com.br/noticia/larissa-liveir-torna-se-a-primeira-instrumentista-brasileira-a-entrar-no-time-exclusivo-da-gibson/,"notícia, curso, produto ou institucional que nunca rendeu vaga"
https://99empregos.com.br/blog/laser-fast-empresa-tem-vagas-em-pontos-estrategicos-do-pais-veja/,entrada repetida de agregador lido inteiro (fica uma só)
https://baston.com.br/produtos/lava-auto-cera/,"produto, loja ou curso, não é página de vagas"
https://cargos.com.br/cargo/lavador-de-garrafas/,"descrição de cargo (salário médio, atribuições), sem vaga"
https://www.sinj.df.gov.br/sinj/Norma/56837/Lei_4075_28_12_2007.pdf,"arquivo (PDF, documento ou imagem), não é página"
https://cargos.com.br/cargo/leiloeiro/,"descrição de cargo (salário médio, atribuições), sem vaga"
https://cargos.com.br/cargo/leitor-de-medidores-de-agua/,"descrição de cargo (salário médio, atribuições), sem vaga"
https://cargos.com.br/cargo/leiturista/,"descrição de cargo (salário médio, atribuições), sem vaga"
https://cargos.com.br/cargo/lider-construcao-de-fornos/,"descrição de cargo (salário médio, atribuições), sem vaga"
https://forbes.com.br/forbes-mulher/2023/10/lider-da-divisao-profissional-da-loreal-quer-deixar-legado-de-transformacao-social/,artigo datado sem nenhuma palavra de vaga na URL
https://cargos.com.br/cargo/lider-de-lubrificacao-de-vias-permanentes/,"descrição de cargo (salário médio, atribuições), sem vaga"
https://posr7.belasartes.br/pos-graduacao/lighting-design/,"produto, loja ou curso, não é página de vagas"
https://prominasunica.com.br/pos-graduacao/engenharias/LDPFFFF720/,"produto, loja ou curso, não é página de vagas"
https://cargos.com.br/cargo/limpador-de-frutas-e-legumes-para-conserva/,"descrição de cargo (salário médio, atribuições), sem vaga"
https://cargos.com.br/cargo/limpador-de-vidros/,"descrição de cargo (salário médio, atribuições), sem vaga"
https://www.concordiasaneamento.com.br/noticias/limpeza-e-recuperacao-de-reservatorios-ampliam-capacidade-de-armazenamento-de-agua/,"notícia, curso, produto ou institucional que nunca rendeu vaga"
https://www.embrast.com.br/categoria/isoporeps,"categoria, tag, autor ou feed de blog"
https://vepakum.com.br/produtos/gotejador-xpert,"produto, loja ou curso, não é página de vagas"
https://dzpets.com.br/categorias/roedores,"categoria, tag, autor ou feed de blog"
https://cargos.com.br/cargo/lixeiro/,"descrição de cargo (salário médio, atribuições), sem vaga"
https://cargos.com.br/cargo/locador-de-cadeira-de-praia/,"descrição de cargo (salário médio, atribuições), sem vaga"
https://cargos.com.br/cargo/locador-de-cadeira-para-festa/,"descrição de cargo (salário médio, atribuições), sem vaga"
https://cargos.com.br/cargo/locador-de-mesas-para-festa/,"descrição de cargo (salário médio, atribuições), sem vaga"
https://cargos.com.br/cargo/locador-de-patins-para-lazer/,"descrição de cargo (salário médio, atribuições), sem vaga"
https://www.lojasnossolar.com.br/institucional/14,"notícia, curso, produto ou institucional que nunca rendeu vaga"
https://www1.folha.uol.com.br/sobretudo/morar/2019/04/1987661-loucas-de-banheiro-e-cozinha-encolhem-para-caber-em-imoveis-enxutos.shtml,artigo datado sem nenhuma palavra de vaga na URL
https://cargos.com.br/cargo/lubrificador-de-maquinas/,"descrição de cargo (salário médio, atribuições), sem vaga"
https://www.signify.com/pt-br/prof/luminarias-de-interiores/hermetica-e-sala-limpa/luminarias-a-prova-d-agua/SMC_CIWATER_SU/category,"categoria, tag, autor ou feed de blog"
https://cargos.com.br/cargo/lustrador-de-piso/,"descrição de cargo (salário médio, atribuições), sem vaga"
https://gauchazh.clicrbs.com.br/cultura-e-lazer/musica/noticia/2024/11/luthiers-do-samba-conheca-o-trabalho-desses-artesaos-de-instrumentos-como-cavaquinho-banjo-e-o-sopapo-cm2noczqd00iw012d77262fjl.html,artigo datado sem nenhuma palavra de vaga na URL
https://www.tigre.com.br/produto/luva-de-correr-para-tubo-soldavel,"produto, loja ou curso, não é página de vagas"
https://sterilex.com.br/categoria/paramentacao-epis/luvas-ansell-medical-e-life-sciences/,"categoria, tag, autor ou feed de blog"
https://icepex.org.br/certificacoes/produtos/luvas-cirurgicas-e-de-procedimentos/,"produto, loja ou curso, não é página de vagas"
https://www.autoindustria.com.br/2021/12/02/maior-blindadora-carbon-compra-fornecedora-de-vidros/,artigo datado sem nenhuma palavra de vaga na URL
https://www.fasuleducacional.edu.br/posgraduacao/curso/manejo-e-fertilizacao-dos-solos,"produto, loja ou curso, não é página de vagas"
https://www.distribuidoralopes.com.br/produto/22831/mangueira-para-cerca-eletrica-716x50m-amarela-eletroflex,"produto, loja ou curso, não é página de vagas"
https://cargos.com.br/cargo/manilheiro-na-fabricacao/,"descrição de cargo (salário médio, atribuições), sem vaga"
https://cargos.com.br/cargo/manipulador-de-essencia-e-melado-fumo/,"descrição de cargo (salário médio, atribuições), sem vaga"
https://www.blok.com.br/blog/manta-asfaltica,"notícia, curso, produto ou institucional que nunca rendeu vaga"
https://neotermica.com.br/blog/manta-termica-para-instalacoes-industriais/,"notícia, curso, produto ou institucional que nunca rendeu vaga"
https://www.mc-bauchemie.com.br/produtos/impermeabilizacao/mantas-asfalticas-e-pvc/,"produto, loja ou curso, não é página de vagas"
https://cargos.com.br/cargo/maquilador/,"descrição de cargo (salário médio, atribuições), sem vaga"
https://cargos.com.br/cargo/maquinista-de-conicaleira/,"descrição de cargo (salário médio, atribuições), sem vaga"
https://cargos.com.br/cargo/maquinista-de-maquina-fixa/,"descrição de cargo (salário médio, atribuições), sem vaga"
https://cargos.com.br/cargo/maquinista-de-usina-termoeletrica/,"descrição de cargo (salário médio, atribuições), sem vaga"
https://cargos.com.br/cargo/marcador-de-arvores/,"descrição de cargo (salário médio, atribuições), sem vaga"
https://cargos.com.br/cargo/marcador-de-caixas/,"descrição de cargo (salário médio, atribuições), sem vaga"
https://cargos.com.br/cargo/marcador-de-embalagem/,"descrição de cargo (salário médio, atribuições), sem vaga"
https://cargos.com.br/cargo/marcador-de-sola-na-confeccao-de-calcados/,"descrição de cargo (salário médio, atribuições), sem vaga"
https://cargos.com.br/cargo/marcador-de-toras/,"descrição de cargo (salário médio, atribuições), sem vaga"
https://movplan.com.br/blog/marcador-para-quadro-branco-saiba-o-que-e-e-onde-comprar/,"notícia, curso, produto ou institucional que nunca rendeu vaga"
https://cargos.com.br/cargo/marceneiro-de-moveis/,"descrição de cargo (salário médio, atribuições), sem vaga"
https://www.waves.com.br/noticias/maresia-40-anos-o-mar-que-nos-move/,"notícia, curso, produto ou institucional que nunca rendeu vaga"
https://www.mariananails.com.br/cursos,"produto, loja ou curso, não é página de vagas"
https://www.sociedademilitar.com.br/2025/09/marinha-do-brasil-lanca-edital-para-curso-de-formacao-de-aquaviarios-em-tramandai-inscricoes-vao-de-11-de-setembro-a-13-de-outubro-rfbs.html,artigo datado sem nenhuma palavra de vaga na URL
https://www.fonteboaemtempo.com.br/noticia/marinha-do-brasil-oferece-cursos-de-marinheiro-de-conves-e-tripulacao-do-servico-publico-em-parceria-com-a-prefeitura-de-fonte-boa,"notícia, curso, produto ou institucional que nunca rendeu vaga"
https://cargos.com.br/cargo/marteleiro-na-extracao-de-pedras/,"descrição de cargo (salário médio, atribuições), sem vaga"
https://cargos.com.br/cargo/marteleiro-metalurgica/,"descrição de cargo (salário médio, atribuições), sem vaga"
https://cargos.com.br/cargo/marteleiro-de-cutelaria/,"descrição de cargo (salário médio, atribuições), sem vaga"
https://cargos.com.br/cargo/marteleteiro-na-construcao-civil/,"descrição de cargo (salário médio, atribuições), sem vaga"
https://cargos.com.br/cargo/marteleteiro-detonador/,"descrição de cargo (salário médio, atribuições), sem vaga"
https://cargos.com.br/cargo/massoprevencionista/,"descrição de cargo (salário médio, atribuições), sem vaga"
https://www.mc-bauchemie.com.br/produtos/impermeabilizacao/mantas-asfalticas-e-pvc/mc-manta-asphalt.html,"produto, loja ou curso, não é página de vagas"
https://www.fiemg.com.br/curso/mecanico-de-bombas-centrifugas/,"produto, loja ou curso, não é página de vagas"
https://cargos.com.br/cargo/mecanico-de-equipamento-pneumatico/,"descrição de cargo (salário médio, atribuições), sem vaga"
https://cargos.com.br/cargo/mecanico-de-instalacoes-industriais-manutencao/,"descrição de cargo (salário médio, atribuições), sem vaga"
https://cargos.com.br/cargo/mecanico-de-manutencao-de-bicicletas/,"descrição de cargo (salário médio, atribuições), sem vaga"
https://cargos.com.br/cargo/mecanico-de-manutencao-de-bicicletas-e-veiculos-similares/,"descrição de cargo (salário médio, atribuições), sem vaga"
https://cargos.com.br/cargo/mecanico-de-manutencao-de-pontes-rolantes/,"descrição de cargo (salário médio, atribuições), sem vaga"
https://cargos.com.br/cargo/mecanico-de-manutencao-de-transmissao/,"descrição de cargo (salário médio, atribuições), sem vaga"
https://cargos.com.br/cargo/mecanico-de-manutencao-de-turbinas-exceto-de-aeronaves/,"descrição de cargo (salário médio, atribuições), sem vaga"
https://cursos.senairs.org.br/cursos/qpb0009-mecanico-de-usinagem-convencional/,"produto, loja ou curso, não é página de vagas"
https://cargos.com.br/cargo/mecanico-eletricista-de-veiculos-automotores/,"descrição de cargo (salário médio, atribuições), sem vaga"
https://cargos.com.br/cargo/mecanicos-de-turbinas-a-vapor-e-gas/,"descrição de cargo (salário médio, atribuições), sem vaga"
https://grupofx.ind.br/produtos/categorias/medicao-de-vazao/,"categoria, tag, autor ou feed de blog"
https://blog.unyleyamed.com.br/noticias/medicina-do-trabalho-novas-diretrizes/,"notícia, curso, produto ou institucional que nunca rendeu vaga"
https://www.estacio.br/blog/conteudo-gratuito/veterinaria-salario,"notícia, curso, produto ou institucional que nunca rendeu vaga"
https://cargos.com.br/cargo/medico-do-trabalho/,"descrição de cargo (salário médio, atribuições), sem vaga"
https://cargos.com.br/cargo/medico-em-radiologia-e-diagnostico-por-imagem/,"descrição de cargo (salário médio, atribuições), sem vaga"
https://cargos.com.br/cargo/medico-em-radioterapia/,"descrição de cargo (salário médio, atribuições), sem vaga"
https://medicalway.com.br/blog/os-melhores-equipamentos-para-cada-tipo-de-uti/page/3/,"categoria, tag, autor ou feed de blog"
https://www.melyana.com.br/lavabo-moderno/369/blog/,"notícia, curso, produto ou institucional que nunca rendeu vaga"
https://panoramafarmaceutico.com.br/menno-amplia-opcoes-de-gavetas-para-dinheiro/,entrada repetida de agregador lido inteiro (fica uma só)
https://fcmsantacasasp.edu.br/blog/mercado-nutricao-esportiva/,"notícia, curso, produto ou institucional que nunca rendeu vaga"
https://www.yarabrasil.com.br/conteudo-agronomico/blog/requisitos-do-mercado-de-algodao/,"notícia, curso, produto ou institucional que nunca rendeu vaga"
https://miriangasparin.com.br/2025/10/mercado-do-olhar-cuidados-com-cilios-e-sobrancelhas-impulsionam-cadeia-da-beleza/,artigo datado sem nenhuma palavra de vaga na URL
https://slmandic.edu.br/cursos/curso/mestrado-em-endodontia-capes-mec-07563,"produto, loja ou curso, não é página de vagas"
https://slmandic.edu.br/cursos/curso/mestrado-especial-em-ortodontia-com-enfase-em-ortopedia-funcional-dos-maxilares-capes-mec-2,"produto, loja ou curso, não é página de vagas"
https://cargos.com.br/cargo/mestre-de-alvejamento-de-tecidos/,"descrição de cargo (salário médio, atribuições), sem vaga"
https://cargos.com.br/cargo/mestre-de-cerimonias/,"descrição de cargo (salário médio, atribuições), sem vaga"
https://cargos.com.br/cargo/mestre-de-fiacao-de-algodao/,"descrição de cargo (salário médio, atribuições), sem vaga"
https://cargos.com.br/cargo/mestre-de-fiacao-de-tecelagem/,"descrição de cargo (salário médio, atribuições), sem vaga"
https://cargos.com.br/cargo/mestre-de-fotogravuras/,"descrição de cargo (salário médio, atribuições), sem vaga"
https://cargos.com.br/cargo/mestre-de-fundicao-de-materiais/,"descrição de cargo (salário médio, atribuições), sem vaga"
https://cargos.com.br/cargo/mestre-de-malharia/,"descrição de cargo (salário médio, atribuições), sem vaga"
https://cargos.com.br/cargo/mestre-de-producao-de-fundicao-de-aluminio/,"descrição de cargo (salário médio, atribuições), sem vaga"
https://cargos.com.br/cargo/mestre-de-trefilacao-de-metais/,"descrição de cargo (salário médio, atribuições), sem vaga"
https://cargos.com.br/cargo/mestre-serralheiro-de-aluminio/,"descrição de cargo (salário médio, atribuições), sem vaga"
https://revistadacerveja.com.br/2022/01/01/mestre-cervejeira-fernanda-ueno-marques-por-um-mercado-mais-inclusivo-e-plural/,artigo datado sem nenhuma palavra de vaga na URL
https://www.nonada.com.br/2026/06/mestres-luthiers-preservam-a-feitura-de-instrumentos-ancestrais-apesar-do-pouco-incentivo/,artigo datado sem nenhuma palavra de vaga na URL
https://discabos.com.br/blog/microfone-sem-fio-toa-ate-10-horas-de-uso-com-apenas-uma-pilha/,"notícia, curso, produto ou institucional que nunca rendeu vaga"
https://www.pensarcursos.com.br/curso/minicurso-sabonetes-artificiais,"produto, loja ou curso, não é página de vagas"
https://www.correiobraziliense.com.br/cidades-df/2025/03/7084741-mirtilo-no-cerrado-produtora-aposta-em-inovacao-e-turismo-rural-no-df.html,artigo datado sem nenhuma palavra de vaga na URL
https://cargos.com.br/cargo/misturador-de-cafe/,"descrição de cargo (salário médio, atribuições), sem vaga"
https://mococasubstrato.com.br/produtos/3,"produto, loja ou curso, não é página de vagas"
https://cargos.com.br/cargo/modador-prensista-borracha/,"descrição de cargo (salário médio, atribuições), sem vaga"
https://cargos.com.br/cargo/modelador-ceramista/,"descrição de cargo (salário médio, atribuições), sem vaga"
https://cargos.com.br/cargo/modelador-de-fundicao-madeira/,"descrição de cargo (salário médio, atribuições), sem vaga"
https://cargos.com.br/cargo/modelador-de-metais-fundicao/,"descrição de cargo (salário médio, atribuições), sem vaga"
https://www.otempo.com.br/gastronomia/2025/5/9/modo-de-fazer-queijo-minas-artesanal-qma-se-mantem-vivo-nas-familias-ganhareconhecimento-mundial,artigo datado sem nenhuma palavra de vaga na URL
https://cargos.com.br/cargo/moedor-de-cafe/,"descrição de cargo (salário médio, atribuições), sem vaga"
https://cargos.com.br/cargo/moedor-de-sal/,"descrição de cargo (salário médio, atribuições), sem vaga"
https://cargos.com.br/cargo/moezeiro-na-exploracao-do-babacu/,"descrição de cargo (salário médio, atribuições), sem vaga"
https://cargos.com.br/cargo/moldador/,"descrição de cargo (salário médio, atribuições), sem vaga"
https://cargos.com.br/cargo/moldador-de-bloco-na-fundicao/,"descrição de cargo (salário médio, atribuições), sem vaga"
https://cargos.com.br/cargo/moldador-de-corpos-de-prova-em-usinas-de-concreto/,"descrição de cargo (salário médio, atribuições), sem vaga"
https://cargos.com.br/cargo/moldador-de-fundicao-metais/,"descrição de cargo (salário médio, atribuições), sem vaga"
https://cargos.com.br/cargo/moldador-em-areia/,"descrição de cargo (salário médio, atribuições), sem vaga"
https://cargos.com.br/cargo/moleiro-tratamentos-quimicos-e-afins/,"descrição de cargo (salário médio, atribuições), sem vaga"
https://cargos.com.br/cargo/moleiro-de-cereais-exceto-arroz/,"descrição de cargo (salário médio, atribuições), sem vaga"
https://cargos.com.br/cargo/moleiro-de-minerios/,"descrição de cargo (salário médio, atribuições), sem vaga"
https://newsrondonia.com.br/noticias/2025/09/16/momento-agro-hidroponia-porto-verde-em-porto-velho/,artigo datado sem nenhuma palavra de vaga na URL
https://cargos.com.br/cargo/monitor-de-acampamento/,"descrição de cargo (salário médio, atribuições), sem vaga"
https://cargos.com.br/cargo/montador-de-andaimes-cenarios/,"descrição de cargo (salário médio, atribuições), sem vaga"
https://cargos.com.br/cargo/montador-de-bicicletas/,"descrição de cargo (salário médio, atribuições), sem vaga"
https://cargos.com.br/cargo/montador-de-caixa-de-papelao/,"descrição de cargo (salário médio, atribuições), sem vaga"
https://cargos.com.br/cargo/montador-de-centrais-telefonicas/,"descrição de cargo (salário médio, atribuições), sem vaga"
https://cargos.com.br/cargo/montador-de-estruturas-de-aco/,"descrição de cargo (salário médio, atribuições), sem vaga"
https://cargos.com.br/cargo/montador-de-laminas/,"descrição de cargo (salário médio, atribuições), sem vaga"
https://cargos.com.br/cargo/montador-de-marmore/,"descrição de cargo (salário médio, atribuições), sem vaga"
https://cargos.com.br/cargo/montador-de-moveis-de-madeira/,"descrição de cargo (salário médio, atribuições), sem vaga"
https://cargos.com.br/cargo/montador-de-pneus/,"descrição de cargo (salário médio, atribuições), sem vaga"
https://cargos.com.br/cargo/montador-de-pontes-rolantes/,"descrição de cargo (salário médio, atribuições), sem vaga"
https://cargos.com.br/cargo/montador-de-vidros/,"descrição de cargo (salário médio, atribuições), sem vaga"
https://cargos.com.br/cargo/montador-grafico-de-corte-e-vinco/,"descrição de cargo (salário médio, atribuições), sem vaga"
https://cargos.com.br/cargo/mordomo-de-residencia/,"descrição de cargo (salário médio, atribuições), sem vaga"
https://gcmais.com.br/noticias/2026/06/11/morre-alberone-junior-pioneiro-do-crossfit-no-ceara-e-fundador-do-primeiro-box-do-norte-e-nordeste,artigo datado sem nenhuma palavra de vaga na URL
https://cargos.com.br/cargo/mosaista/,"descrição de cargo (salário médio, atribuições), sem vaga"
https://www.somfy.com.br/produtos/descubra-nossas-aplicacoes-inteligentes/persianas-cortinas-de-tecido-e-telas-de-projecao/telas-de-projecao,"produto, loja ou curso, não é página de vagas"
https://cargos.com.br/cargo/moveleiro-exclusive-empregador/,"descrição de cargo (salário médio, atribuições), sem vaga"
https://www.mse.com.br/servicos/estrutura-de-contencao-muro-de-arrimo,"notícia, curso, produto ou institucional que nunca rendeu vaga"
https://atlaspublico.com.br/noticias/mte-torna-obrigatorio-treinamento-presencial-na-nr-35-e-72359,"notícia, curso, produto ou institucional que nunca rendeu vaga"
https://www.viveiroambiental.com.br/produtos/mudas-de-palmeiras,"produto, loja ou curso, não é página de vagas"
https://www.viveiroambiental.com.br/noticia/mudas-frutiferas-,"notícia, curso, produto ou institucional que nunca rendeu vaga"
https://multitintasbrasil.com.br/loja/index.php?information_id=18&route=information%2Ftrabalheconosco,"produto, loja ou curso, não é página de vagas"
https://miltonjung.com.br/2022/10/15/mundo-corporativo-tenha-prioridades-e-mantenha-os-copinhos-cheios-para-crescer-profissionalmente-recomenda-ligia-buonamici-da-liz-lingerie/,artigo datado sem nenhuma palavra de vaga na URL
https://araras.sp.gov.br/noticias/24189,"notícia, curso, produto ou institucional que nunca rendeu vaga"
https://araras.sp.gov.br/noticias/28428,"notícia, curso, produto ou institucional que nunca rendeu vaga"
https://araras.sp.gov.br/noticias/28202,"notícia, curso, produto ou institucional que nunca rendeu vaga"
https://www.linkedin.com/feed/update/urn:li:activity:7480245077861388289,"categoria, tag, autor ou feed de blog"
https://www.petbr.com.br/noticias/natural-pet-banho-com-carinho-para-quem-e-da-familia.html,"notícia, curso, produto ou institucional que nunca rendeu vaga"
https://naturalegranitos.com.br/pt/contato,"notícia, curso, produto ou institucional que nunca rendeu vaga"
https://glenmarkpharma.com.br/2020/07/10/nebzmart-faz-da-inalacao-um-momento-de-carinho/,artigo datado sem nenhuma palavra de vaga na URL
https://www.mackenzie.br/en/pos-graduacao/pos-e-mba/curitiba/especializacoes-medicas/nefrologia,"produto, loja ou curso, não é página de vagas"
https://www.abcz.org.br/noticias/noticia/29109/neste-domingo--25---uberlandia--mg--recebe-7---leilao-nelore-do-morro,"notícia, curso, produto ou institucional que nunca rendeu vaga"
https://revistarequinte.com.br/noticias/elias-assum-sabbag-junior,"notícia, curso, produto ou institucional que nunca rendeu vaga"
https://eparaguacu.sp.gov.br/noticia/1207/expo-paraguacu-tera-torneio-de-volei-de-areia-e-interestadual-de-paintball/,"notícia, curso, produto ou institucional que nunca rendeu vaga"
https://pe.unit.br/blog/noticias/conheca-5-curiosidades-sobre-a-escovacao-dos-dentes/,"notícia, curso, produto ou institucional que nunca rendeu vaga"
https://sincofarmasp.com.br/2026/01/27/nova-diretriz-para-rastreamento-de-diabetes-tipo-2-antecipa-exames-e-amplia-as-chances-de-diagnostico-precoce-no-brasil-entenda/,artigo datado sem nenhuma palavra de vaga na URL
https://www.novaconcursos.com.br/laravel/blog/pdf/edital/stream/concursos/2952/edital.pdf?download=1,"arquivo (PDF, documento ou imagem), não é página"
https://safetytrab.com.br/blog/nr-16-conheca-as-regras-para-motoboys/,"notícia, curso, produto ou institucional que nunca rendeu vaga"
https://unilago.riopreto.br/pos-graduacao/nutricao-e-suplementacao-esportiva/,"produto, loja ou curso, não é página de vagas"
https://institutolg.com.br/pos-graduacao/nutricao-esportiva-de-alta-performance-e-suplementacao-inteligente/,"produto, loja ou curso, não é página de vagas"
https://www1.folha.uol.com.br/equilibrio/2026/05/escalada-que-ganha-adeptos-no-brasil-exercita-forca-e-mobilidade-do-corpo-inteiro.shtml,artigo datado sem nenhuma palavra de vaga na URL
https://marketingeminternet.com.br/noticias/tiago-oliva-schietti,"notícia, curso, produto ou institucional que nunca rendeu vaga"
https://mapadacachaca.com.br/artigos/mestre-alambiqueiro-lucas-mendes/,"notícia, curso, produto ou institucional que nunca rendeu vaga"
https://monitordomercado.com.br/noticias/379828-o-mestre-dos-gigantes-de-aco-em-alto-mar-que-fatura-alto-movimentando-toneladas-de-carga-entre-as-ondas-ja-que-controla-a-logistica-vital-das-plataformas-de-petroleo/,"notícia, curso, produto ou institucional que nunca rendeu vaga"
https://cibiogas.org/blog/o-papel-do-tratamento-de-efluentes-e-recuperacao-de-nutrientes-na-sustentabilidade/,"notícia, curso, produto ou institucional que nunca rendeu vaga"
https://locfrotas.com.br/blog/o-poder-da-telemetria-e-monitoramento-inteligente-na-gestao-da-sua-frota/,"notícia, curso, produto ou institucional que nunca rendeu vaga"
https://imic.com.br/2025/07/31/peneira-vibratoria-mineral/,artigo datado sem nenhuma palavra de vaga na URL
https://www.antaresacoplamentos.com.br/blog/o-que-e-rolamento/,"notícia, curso, produto ou institucional que nunca rendeu vaga"
https://mocelin.ind.br/pt/blog/sprinklers-o-que-e,"notícia, curso, produto ou institucional que nunca rendeu vaga"
https://prestcamp.com.br/guia/o-que-faz-um-engenheiro-hidraulico/,"notícia, curso, produto ou institucional que nunca rendeu vaga"
https://editalconcursosbrasil.com.br/blog/o-que-faz-um-engenheiro-quimico/,"notícia, curso, produto ou institucional que nunca rendeu vaga"
https://www.blok.com.br/blog/piso-de-concreto-polido,"notícia, curso, produto ou institucional que nunca rendeu vaga"
https://www.obr.com.br/categorias/atuadores,"categoria, tag, autor ou feed de blog"
https://www.obr.com.br/categorias/acoplamentos,"categoria, tag, autor ou feed de blog"
https://taroba.com.br/noticias/cidade/oficina-de-hq-da-casa-da-vila-promove-novo-encontro-neste-sabado,"notícia, curso, produto ou institucional que nunca rendeu vaga"
https://ied.edu.br/cursos/sao-paulo/oficinas-e-academias/academia-de-joias,"produto, loja ou curso, não é página de vagas"
https://www.linkedin.com/feed/update/urn:li:activity:7462203558483070977,"categoria, tag, autor ou feed de blog"
https://www.linkedin.com/feed/update/urn:li:activity:7435290442004353025,"categoria, tag, autor ou feed de blog"
https://cargos.com.br/cargo/oleiro-fabricacao-de-telhas/,"descrição de cargo (salário médio, atribuições), sem vaga"
https://vaccaroindustria.com.br/produtos/oleodesoja/,"produto, loja ou curso, não é página de vagas"
https://cargos.com.br/cargo/olericultor-de-frutos-e-sementes/,"descrição de cargo (salário médio, atribuições), sem vaga"
https://www.persolpersianas.com.br/contato,"notícia, curso, produto ou institucional que nunca rendeu vaga"
https://portal.anclivepa-sp.org.br/curso/online-em-inseminacao-artificial-em-caes/,"produto, loja ou curso, não é página de vagas"
https://redesuldenoticias.com.br/noticias/opalao-valvulado-faz-o-som-deste-sabado-na-morada-da-lua,"notícia, curso, produto ou institucional que nunca rendeu vaga"
https://cursos.senairs.org.br/cursos/inp0731-operacoes-de-preparacao-e-soldagem-no-processo-eletrodo-revestido/,"produto, loja ou curso, não é página de vagas"
https://cargos.com.br/cargo/operador-de-alto-forno/,"descrição de cargo (salário médio, atribuições), sem vaga"
https://cargos.com.br/cargo/operador-de-area-de-corrida/,"descrição de cargo (salário médio, atribuições), sem vaga"
https://www.pa.senac.br/curso/37160_1_0-operador-de-audio/unidade/28-belem,"produto, loja ou curso, não é página de vagas"
https://cargos.com.br/cargo/operador-de-balanca-concreto/,"descrição de cargo (salário médio, atribuições), sem vaga"
https://cargos.com.br/cargo/operador-de-bombas-estacao-de-bombeamento/,"descrição de cargo (salário médio, atribuições), sem vaga"
https://cargos.com.br/cargo/operador-de-calandra-siderurgia/,"descrição de cargo (salário médio, atribuições), sem vaga"
https://cargos.com.br/cargo/operador-de-calandras-tecidos/,"descrição de cargo (salário médio, atribuições), sem vaga"
https://cargos.com.br/cargo/operador-de-caldeira-a-vapor/,"descrição de cargo (salário médio, atribuições), sem vaga"
https://cargos.com.br/cargo/operador-de-carboquimico/,"descrição de cargo (salário médio, atribuições), sem vaga"
https://cargos.com.br/cargo/operador-de-central-de-concreto/,"descrição de cargo (salário médio, atribuições), sem vaga"
https://cargos.com.br/cargo/operador-de-central-termoeletrica/,"descrição de cargo (salário médio, atribuições), sem vaga"
https://cargos.com.br/cargo/operador-de-dessulfurador-de-gusa/,"descrição de cargo (salário médio, atribuições), sem vaga"
https://cargos.com.br/cargo/operador-de-eletrocardiografo/,"descrição de cargo (salário médio, atribuições), sem vaga"
https://cargos.com.br/cargo/operador-de-escoria-e-sucata/,"descrição de cargo (salário médio, atribuições), sem vaga"
https://cargos.com.br/cargo/operador-de-esmaltadeira/,"descrição de cargo (salário médio, atribuições), sem vaga"
https://cargos.com.br/cargo/operador-de-esmerilador-de-trilhos/,"descrição de cargo (salário médio, atribuições), sem vaga"
https://cargos.com.br/cargo/operador-de-estacao-de-filtragem-filtro-prensa/,"descrição de cargo (salário médio, atribuições), sem vaga"
https://cargos.com.br/cargo/operador-de-estacao-de-tratamento-de-agua-e-efluentes/,"descrição de cargo (salário médio, atribuições), sem vaga"
https://cargos.com.br/cargo/operador-de-estufa-de-pintura/,"descrição de cargo (salário médio, atribuições), sem vaga"
https://cargos.com.br/cargo/operador-de-estufas-mecanicas/,"descrição de cargo (salário médio, atribuições), sem vaga"
https://cargos.com.br/cargo/operador-de-extracao-de-cafe-soluvel/,"descrição de cargo (salário médio, atribuições), sem vaga"
https://cargos.com.br/cargo/operador-de-filatorio/,"descrição de cargo (salário médio, atribuições), sem vaga"
https://cargos.com.br/cargo/operador-de-filtragem-mineracao/,"descrição de cargo (salário médio, atribuições), sem vaga"
https://www.fiemg.com.br/curso/operador-de-filtro-prensa/,"produto, loja ou curso, não é página de vagas"
https://cargos.com.br/cargo/operador-de-forno-fabricacao-de-paes/,"descrição de cargo (salário médio, atribuições), sem vaga"
https://cargos.com.br/cargo/operador-de-forno-de-recozimento-vidro/,"descrição de cargo (salário médio, atribuições), sem vaga"
https://cargos.com.br/cargo/operador-de-forno-de-sinterizar/,"descrição de cargo (salário médio, atribuições), sem vaga"
https://cargos.com.br/cargo/operador-de-forno-de-tratamento-termico/,"descrição de cargo (salário médio, atribuições), sem vaga"
https://cargos.com.br/cargo/operador-de-fresadora-com-comando-numerico/,"descrição de cargo (salário médio, atribuições), sem vaga"
https://cargos.com.br/cargo/operador-de-granitadeira/,"descrição de cargo (salário médio, atribuições), sem vaga"
https://cargos.com.br/cargo/operador-de-gunite/,"descrição de cargo (salário médio, atribuições), sem vaga"
https://cargos.com.br/cargo/operador-de-impressora-de-rotogravura/,"descrição de cargo (salário médio, atribuições), sem vaga"
https://cargos.com.br/cargo/operador-de-inspecao-de-qualidade/,"descrição de cargo (salário médio, atribuições), sem vaga"
https://cargos.com.br/cargo/operador-de-instalacao-de-ar-condicionado/,"descrição de cargo (salário médio, atribuições), sem vaga"
https://cargos.com.br/cargo/operador-de-instalacao-de-refrigeracao/,"descrição de cargo (salário médio, atribuições), sem vaga"
https://cargos.com.br/cargo/operador-de-instalacao-de-tratamento-de-agua/,"descrição de cargo (salário médio, atribuições), sem vaga"
https://cargos.com.br/cargo/operador-de-lacos-de-cabos-de-aco/,"descrição de cargo (salário médio, atribuições), sem vaga"
https://cargos.com.br/cargo/operador-de-malhas/,"descrição de cargo (salário médio, atribuições), sem vaga"
https://cargos.com.br/cargo/operador-de-maquina-ceramica-pintor/,"descrição de cargo (salário médio, atribuições), sem vaga"
https://cargos.com.br/cargo/operador-de-maquina-de-arame/,"descrição de cargo (salário médio, atribuições), sem vaga"
https://cargos.com.br/cargo/operador-de-maquina-de-cortar-e-dobrar-papelao/,"descrição de cargo (salário médio, atribuições), sem vaga"
https://cargos.com.br/cargo/operador-de-maquina-de-corte-vidros/,"descrição de cargo (salário médio, atribuições), sem vaga"
https://cargos.com.br/cargo/operador-de-maquina-de-cortina-dagua-producao-de-moveis/,"descrição de cargo (salário médio, atribuições), sem vaga"
https://cargos.com.br/cargo/operador-de-maquina-de-dobrar-chapas/,"descrição de cargo (salário médio, atribuições), sem vaga"
https://cargos.com.br/cargo/operador-de-maquina-de-enfestar/,"descrição de cargo (salário médio, atribuições), sem vaga"
https://cargos.com.br/cargo/operador-de-maquina-de-esticar-varetas-ou-tubos-de-vidro/,"descrição de cargo (salário médio, atribuições), sem vaga"
https://cargos.com.br/cargo/operador-de-maquina-de-estirar-vidro/,"descrição de cargo (salário médio, atribuições), sem vaga"
https://cargos.com.br/cargo/operador-de-maquina-de-fabricacao-de-produtos-de-higiene-e-limpeza-sabao/,"descrição de cargo (salário médio, atribuições), sem vaga"
https://cargos.com.br/cargo/operador-de-maquina-de-fabricar-machos-ar-comprimido/,"descrição de cargo (salário médio, atribuições), sem vaga"
https://cargos.com.br/cargo/operador-de-maquina-de-filtro-rotativo-tratamentos-quimicos/,"descrição de cargo (salário médio, atribuições), sem vaga"
https://cargos.com.br/cargo/operador-de-maquina-de-lavanderia-de-la/,"descrição de cargo (salário médio, atribuições), sem vaga"
https://cargos.com.br/cargo/operador-de-maquina-de-lavar-fios-e-tecidos/,"descrição de cargo (salário médio, atribuições), sem vaga"
https://cargos.com.br/cargo/operador-de-maquina-de-moldar-automatizada/,"descrição de cargo (salário médio, atribuições), sem vaga"
https://cargos.com.br/cargo/operador-de-maquina-de-soldar/,"descrição de cargo (salário médio, atribuições), sem vaga"
https://cargos.com.br/cargo/operador-de-maquina-de-usinagem-madeira/,"descrição de cargo (salário médio, atribuições), sem vaga"
https://cargos.com.br/cargo/operador-de-maquina-de-virar-chapas/,"descrição de cargo (salário médio, atribuições), sem vaga"
https://cargos.com.br/cargo/operador-de-maquina-extrusora-de-fibra-de-vidro/,"descrição de cargo (salário médio, atribuições), sem vaga"
https://cargos.com.br/cargo/operador-de-maquina-ofsete/,"descrição de cargo (salário médio, atribuições), sem vaga"
https://cargos.com.br/cargo/operador-de-maquina-pneumatica/,"descrição de cargo (salário médio, atribuições), sem vaga"
https://cargos.com.br/cargo/operador-de-maquina-recobridora-de-arame/,"descrição de cargo (salário médio, atribuições), sem vaga"
https://cargos.com.br/cargo/operador-de-maquina-rodoferroviaria/,"descrição de cargo (salário médio, atribuições), sem vaga"
https://cargos.com.br/cargo/operador-de-maquinas-agricolas/,"descrição de cargo (salário médio, atribuições), sem vaga"
https://cargos.com.br/cargo/operador-de-maquinas-de-beneficiamento-de-produtos-agricolas/,"descrição de cargo (salário médio, atribuições), sem vaga"
https://cargos.com.br/cargo/operador-de-maquinas-de-flanelar-peletizar/,"descrição de cargo (salário médio, atribuições), sem vaga"
https://cargos.com.br/cargo/operador-de-maquinas-florestais-colheitadeira/,"descrição de cargo (salário médio, atribuições), sem vaga"
https://cargos.com.br/cargo/operador-de-martelete/,"descrição de cargo (salário médio, atribuições), sem vaga"
https://cargos.com.br/cargo/operador-de-microfone-boom-man/,"descrição de cargo (salário médio, atribuições), sem vaga"
https://cargos.com.br/cargo/operador-de-mistura-tratamentos-quimicos-e-afins/,"descrição de cargo (salário médio, atribuições), sem vaga"
https://cargos.com.br/cargo/operador-de-moinho-beneficiamento-de-minerios/,"descrição de cargo (salário médio, atribuições), sem vaga"
https://cargos.com.br/cargo/operador-de-moinho-tratamentos-quimicos-e-afins/,"descrição de cargo (salário médio, atribuições), sem vaga"
https://cargos.com.br/cargo/operador-de-moinho-de-especiarias/,"descrição de cargo (salário médio, atribuições), sem vaga"
https://cargos.com.br/cargo/operador-de-moinho-de-farinha-crua/,"descrição de cargo (salário médio, atribuições), sem vaga"
https://cargos.com.br/cargo/operador-de-moinhos-argila/,"descrição de cargo (salário médio, atribuições), sem vaga"
https://cargos.com.br/cargo/operador-de-molduradora-usinagem-de-madeira/,"descrição de cargo (salário médio, atribuições), sem vaga"
https://cargos.com.br/cargo/operador-de-monta-cargas-construcao-civil/,"descrição de cargo (salário médio, atribuições), sem vaga"
https://cargos.com.br/cargo/operador-de-open-end/,"descrição de cargo (salário médio, atribuições), sem vaga"
https://cargos.com.br/cargo/operador-de-polidora-de-cristais-de-otica/,"descrição de cargo (salário médio, atribuições), sem vaga"
https://cargos.com.br/cargo/operador-de-polidora-de-vidros-e-cristais/,"descrição de cargo (salário médio, atribuições), sem vaga"
https://cargos.com.br/cargo/operador-de-portico-rolante/,"descrição de cargo (salário médio, atribuições), sem vaga"
https://cargos.com.br/cargo/operador-de-prensa/,"descrição de cargo (salário médio, atribuições), sem vaga"
https://cargos.com.br/cargo/operador-de-prensa-de-fardos/,"descrição de cargo (salário médio, atribuições), sem vaga"
https://cargos.com.br/cargo/operador-de-preparacao-de-graos-vegetais-oleos-e-gorduras/,"descrição de cargo (salário médio, atribuições), sem vaga"
https://cargos.com.br/cargo/operador-de-preservacao-e-controle-termico/,"descrição de cargo (salário médio, atribuições), sem vaga"
https://cargos.com.br/cargo/operador-de-processo-de-moagem/,"descrição de cargo (salário médio, atribuições), sem vaga"
https://cargos.com.br/cargo/operador-de-processos-quimicos-e-petroquimicos/,"descrição de cargo (salário médio, atribuições), sem vaga"
https://cargos.com.br/cargo/operador-de-reator-produtos-quimicos-exceto-petroleo/,"descrição de cargo (salário médio, atribuições), sem vaga"
https://jpefconsultoria.com.br/artigos/operador-de-recuperacao-quimica-na-celulose,"notícia, curso, produto ou institucional que nunca rendeu vaga"
https://cargos.com.br/cargo/operador-de-refinaria-de-sal/,"descrição de cargo (salário médio, atribuições), sem vaga"
https://cargos.com.br/cargo/operador-de-refrigeracao-coqueria/,"descrição de cargo (salário médio, atribuições), sem vaga"
https://cargos.com.br/cargo/operador-de-rolo-impermeabilizacao/,"descrição de cargo (salário médio, atribuições), sem vaga"
https://cargos.com.br/cargo/operador-de-rompedor/,"descrição de cargo (salário médio, atribuições), sem vaga"
https://cargos.com.br/cargo/operador-de-salina-sal-marinho/,"descrição de cargo (salário médio, atribuições), sem vaga"
https://cargos.com.br/cargo/operador-de-secadeiras-no-beneficiamento-de-produtos-agricolas/,"descrição de cargo (salário médio, atribuições), sem vaga"
https://cargos.com.br/cargo/operador-de-secador-na-fabricacao-de-acucar/,"descrição de cargo (salário médio, atribuições), sem vaga"
https://cargos.com.br/cargo/operador-de-secador-na-fabricacao-e-refino-de-acucar/,"descrição de cargo (salário médio, atribuições), sem vaga"
https://cargos.com.br/cargo/operador-de-seccionadora/,"descrição de cargo (salário médio, atribuições), sem vaga"
https://cargos.com.br/cargo/operador-de-serigrafia/,"descrição de cargo (salário médio, atribuições), sem vaga"
https://cargos.com.br/cargo/operador-de-serra-manual/,"descrição de cargo (salário médio, atribuições), sem vaga"
https://cargos.com.br/cargo/operador-de-serra-cinta/,"descrição de cargo (salário médio, atribuições), sem vaga"
https://cargos.com.br/cargo/operador-de-serras-no-desdobramento-de-madeira/,"descrição de cargo (salário médio, atribuições), sem vaga"
https://cargos.com.br/cargo/operador-de-sistema-de-gas/,"descrição de cargo (salário médio, atribuições), sem vaga"
https://cargos.com.br/cargo/operador-de-sistema-de-refrigeracao/,"descrição de cargo (salário médio, atribuições), sem vaga"
https://cargos.com.br/cargo/operador-de-sistemas-de-agua/,"descrição de cargo (salário médio, atribuições), sem vaga"
https://cargos.com.br/cargo/operador-de-superfosfato/,"descrição de cargo (salário médio, atribuições), sem vaga"
https://cursos.senairs.org.br/cursos/qpb0227-operador-de-torno-com-comando-numerico-computadorizado/,"produto, loja ou curso, não é página de vagas"
https://cargos.com.br/cargo/operador-de-trafego/,"descrição de cargo (salário médio, atribuições), sem vaga"
https://cargos.com.br/cargo/operador-de-trefila/,"descrição de cargo (salário médio, atribuições), sem vaga"
https://cargos.com.br/cargo/operador-de-trefila-borracha/,"descrição de cargo (salário médio, atribuições), sem vaga"
https://cargos.com.br/cargo/operador-de-turbina-a-vapor-na-fabricacao-e-refino-de-acucar/,"descrição de cargo (salário médio, atribuições), sem vaga"
https://cargos.com.br/cargo/operador-de-turbinas-de-central-eletrica/,"descrição de cargo (salário médio, atribuições), sem vaga"
https://cargos.com.br/cargo/operador-de-utilidade-producao-e-distribuicao-de-vapor/,"descrição de cargo (salário médio, atribuições), sem vaga"
https://cargos.com.br/cargo/operador-de-viradeira-aco/,"descrição de cargo (salário médio, atribuições), sem vaga"
https://cargos.com.br/cargo/operador-especializado-de-extrusora/,"descrição de cargo (salário médio, atribuições), sem vaga"
https://cargos.com.br/cargo/operador-multifuncional-de-tratamento-termico/,"descrição de cargo (salário médio, atribuições), sem vaga"
https://cargos.com.br/cargo/operador-passadorista-fiacao/,"descrição de cargo (salário médio, atribuições), sem vaga"
https://cargos.com.br/cargo/operador-polivalente-da-industria-textil/,"descrição de cargo (salário médio, atribuições), sem vaga"
https://cargos.com.br/cargo/optico-protesista/,"descrição de cargo (salário médio, atribuições), sem vaga"
https://cargos.com.br/cargo/ornamentista-de-pedra/,"descrição de cargo (salário médio, atribuições), sem vaga"
https://abocampinas.com.br/blog/ortodontia-como-se-destacar-na-area-da-odontologia-que-mais-cresce/,"notícia, curso, produto ou institucional que nunca rendeu vaga"
https://www.avmakers.com.br/blog/os-primeiros-passos-de-uma-diretora-de-fotografia,"notícia, curso, produto ou institucional que nunca rendeu vaga"
https://cargos.com.br/cargo/ourives-de-bijouteria/,"descrição de cargo (salário médio, atribuições), sem vaga"
https://posdigital.utp.br/cursos/analises-clinicas/,"produto, loja ou curso, não é página de vagas"
https://posonline.umc.br/cursos/data-center-e-computacao-em-nuvem/,"produto, loja ou curso, não é página de vagas"
https://posdigital.utp.br/cursos/eficiencia-energetica,"produto, loja ou curso, não é página de vagas"
https://www.pos.upf.br/cursos/engenharia-de-automacao-e-iot,"produto, loja ou curso, não é página de vagas"
https://posonline.umc.br/cursos/farmacia-hospitalar/,"produto, loja ou curso, não é página de vagas"
https://posonline.umc.br/cursos/fisioterapia-hospitalar/,"produto, loja ou curso, não é página de vagas"
https://posdigital.utp.br/cursos/higiene-ocupacional/,"produto, loja ou curso, não é página de vagas"
https://posonline.umc.br/cursos/higiene-ocupacional/,"produto, loja ou curso, não é página de vagas"
https://posonline.umc.br/cursos/mba-em-gestao-de-clinicas-e-consultorios-veterinarios/,"produto, loja ou curso, não é página de vagas"
https://posonline.umc.br/cursos/mba-em-seguranca-e-saude-ocupacional,"produto, loja ou curso, não é página de vagas"
https://posdigital.utp.br/cursos/tecnologia-de-processos-quimicos/,"produto, loja ou curso, não é página de vagas"
https://www.mapaf.com.br/single-post/2019/08/28/pain%C3%A9is-de-madeira-maci%C3%A7a-multiuso-para-usar-e-abusar-da-sua-criatividade,artigo datado sem nenhuma palavra de vaga na URL
https://faculdadefutura.com.br/curso/paisagismo-e-iluminacao/,"produto, loja ou curso, não é página de vagas"
https://unifaveni.com.br/curso/paisagismo-e-iluminacao-2/,"produto, loja ou curso, não é página de vagas"
https://unifaveni.com.br/curso/paisagismo-e-iluminacao/,"produto, loja ou curso, não é página de vagas"
https://escola-panamericana.com.br/curso/paisagismo-em-pratica-conceito-percepcao-e-planejamento/,"produto, loja ou curso, não é página de vagas"
http://abraei.com.br/noticias/paisagista-deve-ter-formacao-em-arquitetura/,"notícia, curso, produto ou institucional que nunca rendeu vaga"
https://satparana.com.br/produtos/paletizadores/,"produto, loja ou curso, não é página de vagas"
https://programathor.com.br/jobs,entrada repetida de agregador lido inteiro (fica uma só)
https://www.takao.com.br/produtos/parafusos-de-cabecote,"produto, loja ou curso, não é página de vagas"
https://abrapch.org.br/2022/03/parana-tem-potencial-hidraulico-para-construcao-de-162-novas-pchs-e-cghs/,artigo datado sem nenhuma palavra de vaga na URL
https://www.linkedin.com/feed/update/urn:li:activity:7463206091414282240,"categoria, tag, autor ou feed de blog"
https://www.linkedin.com/feed/update/urn:li:activity:7467970222004531201,"categoria, tag, autor ou feed de blog"
https://www.panrotas.com.br/mercado/pesquisas-e-estatisticas/2025/11/parques-e-atracoes-movimentam-quase-us-7-bilhoes-por-ano-no-brasil_223506.html,artigo datado sem nenhuma palavra de vaga na URL
https://cargos.com.br/cargo/pastilheiro/,"descrição de cargo (salário médio, atribuições), sem vaga"
https://cargos.com.br/cargo/patisseiro/,"descrição de cargo (salário médio, atribuições), sem vaga"
https://cargos.com.br/cargo/pavimentador/,"descrição de cargo (salário médio, atribuições), sem vaga"
http://www.pe.senac.br/gercom/downloads/Comunicado_Abertura_Cabeleireiro_Recife.pdf,"arquivo (PDF, documento ou imagem), não é página"
http://www.pe.senac.br/gercom/downloads/Edital_Monitor_Sala_Recife.pdf,"arquivo (PDF, documento ou imagem), não é página"
https://cargos.com.br/cargo/pedreiro-chamines-industriais/,"descrição de cargo (salário médio, atribuições), sem vaga"
https://cargos.com.br/cargo/pedreiro-material-refratario/,"descrição de cargo (salário médio, atribuições), sem vaga"
https://cargos.com.br/cargo/pedreiro-de-acabamento/,"descrição de cargo (salário médio, atribuições), sem vaga"
https://cargos.com.br/cargo/pedreiro-de-conservacao-de-vias-permanentes-exceto-trilhos/,"descrição de cargo (salário médio, atribuições), sem vaga"
https://www.mackenzie.br/ambiente-de-inovacao-e-empreendedorismo/vitrine-tecnologica/artigo/n/a/i/peles-de-vidro-otimizacao-do-desempenho-da-luz-natural-difusa-em-fachadas-envidracadas,"notícia, curso, produto ou institucional que nunca rendeu vaga"
https://blumenauiluminacao.com.br/produtos/detalhes/pendente-led-lupi-bivolt-24w-3000k-preto/,"produto, loja ou curso, não é página de vagas"
https://cargos.com.br/cargo/peneireiro-na-fundicao/,"descrição de cargo (salário médio, atribuições), sem vaga"
https://www.unifoa.edu.br/blog/entenda-como-funciona-pericia-contabil/,"notícia, curso, produto ou institucional que nunca rendeu vaga"
https://cargos.com.br/cargo/pesquisador-em-ciencias-da-pesca-e-aquicultura/,"descrição de cargo (salário médio, atribuições), sem vaga"
https://cargos.com.br/cargo/pesquisador-em-ciencias-da-terra-e-meio-ambiente/,"descrição de cargo (salário médio, atribuições), sem vaga"
https://cargos.com.br/cargo/pesquisador-em-quimica/,"descrição de cargo (salário médio, atribuições), sem vaga"
https://www.unip.br/cursos/graduacao/tecnologicos/petroleo_gas.aspx,"produto, loja ou curso, não é página de vagas"
https://www.signify.com/pt-br/prof/lampadas-e-fitas-led/fita/philips-corepro-fita-led/929002650912_EU/product,"produto, loja ou curso, não é página de vagas"
https://www.signify.com/pt-br/prof/lampadas-e-fitas-led/direcional/philips-refletor-de-led-essential-gu10/929001364641_EU/product,"produto, loja ou curso, não é página de vagas"
https://www.signify.com/pt-br/prof/luminarias-de-exteriores/esportes-e-areas/iluminacao-de-areas-comuns-e-lazer/philips-smartbright-led-refletor-max/911401831287_EU/product,"produto, loja ou curso, não é página de vagas"
https://www.signify.com/pt-br/prof/luminarias-de-exteriores/arquitetural/projetores-luminosos/philips-uniflood-c-pro/911401774693_EU/product,"produto, loja ou curso, não é página de vagas"
https://phpu.unifesp.br/concurso/inscricao/editais/edital025-2026.htm,"notícia, curso, produto ou institucional que nunca rendeu vaga"
https://phpu.unifesp.br/concurso/inscricao/editais/edital409-2026.htm,"notícia, curso, produto ou institucional que nunca rendeu vaga"
https://cargos.com.br/cargo/picheleiro/,"descrição de cargo (salário médio, atribuições), sem vaga"
https://pieriniredutores.com.br/contato,"notícia, curso, produto ou institucional que nunca rendeu vaga"
https://uniabeuead.com.br/curso/pilates-2/,"produto, loja ou curso, não é página de vagas"
https://www1.folha.uol.com.br/equilibrio/2024/02/pintar-o-cabelo-e-prejudicial-a-saude-veja-o-que-dizem-especialistas.shtml,artigo datado sem nenhuma palavra de vaga na URL
https://cargos.com.br/cargo/pintor-de-brinquedos/,"descrição de cargo (salário médio, atribuições), sem vaga"
https://cargos.com.br/cargo/pintor-de-construcoes-cenicas/,"descrição de cargo (salário médio, atribuições), sem vaga"
https://cargos.com.br/cargo/pintor-de-edificios/,"descrição de cargo (salário médio, atribuições), sem vaga"
https://cargos.com.br/cargo/pintor-especializado-em-pintura-acrilica/,"descrição de cargo (salário médio, atribuições), sem vaga"
https://sincofarmasp.com.br/2023/05/30/xampu-para-animais/,artigo datado sem nenhuma palavra de vaga na URL
https://cargos.com.br/cargo/piscineiro/,"descrição de cargo (salário médio, atribuições), sem vaga"
https://cargos.com.br/cargo/piseiro-marmore-e-granito/,"descrição de cargo (salário médio, atribuições), sem vaga"
https://cargos.com.br/cargo/piseiro-pastilhas/,"descrição de cargo (salário médio, atribuições), sem vaga"
https://www.blok.com.br/blog/piso-cimenticio-atermico-para-piscina,"notícia, curso, produto ou institucional que nunca rendeu vaga"
https://gauchazh.clicrbs.com.br/passo-fundo/esportes/noticia/2026/04/pista-que-revelou-pilotos-e-recebeu-nelson-piquet-segue-viva-no-kartismo-de-passo-fundo-cmo07c8fx011y016j2ho0x20d.html,artigo datado sem nenhuma palavra de vaga na URL
https://www.serasa.com.br/carteira-digital/blog/placas-de-sinalizacao/,"notícia, curso, produto ou institucional que nunca rendeu vaga"
https://www.uol.com.br/carros/noticias/redacao/2025/06/21/voce-passaria-nesta-prova-teorica-basica-de-placas-de-transito-faca-o-quiz.htm,artigo datado sem nenhuma palavra de vaga na URL
https://plan.org.br/wp-content/uploads/2026/04/Auxiliar-de-Construcao-de-Relacionamento-Jr-1.pdf,"arquivo (PDF, documento ou imagem), não é página"
https://www.plantapronta.com.br/categoria/39/plantas-de-casas-com-fachada-com-tijolos-aparentes,"categoria, tag, autor ou feed de blog"
https://plantfort.ind.br/blog/48-carcinicultura-entenda-sua-importancia-e-suas-vantagens-para-o-produtor,"notícia, curso, produto ou institucional que nunca rendeu vaga"
https://www.yarabrasil.com.br/conteudo-agronomico/blog/plantio-de-mamao-dicas/,"notícia, curso, produto ou institucional que nunca rendeu vaga"
https://cargos.com.br/cargo/plaqueiro/,"descrição de cargo (salário médio, atribuições), sem vaga"
https://eu.dev.br/vagas/zlo10tkirnzzlr0w-mercado-libre-pleno-em-engenharia-de-software-cloud-computing/,entrada repetida de agregador lido inteiro (fica uma só)
https://eu.dev.br/vagas/hnp7u8kn7v4myr7d-siemens-pleno-senior-em-engenharia-de-software-automacao-de-sis/,entrada repetida de agregador lido inteiro (fica uma só)
https://www.agrosolo.com.br/produto/po-de-casca-de-pinus-350g-bioplanthion-87717,"produto, loja ou curso, não é página de vagas"
https://cargos.com.br/cargo/poceiro-edificacoes/,"descrição de cargo (salário médio, atribuições), sem vaga"
https://cargos.com.br/cargo/podador-de-erva-mate/,"descrição de cargo (salário médio, atribuições), sem vaga"
https://www.biancaschultz.com.br/2017/07/polainas-com-tranca-embutida_3.html,artigo datado sem nenhuma palavra de vaga na URL
https://www.biancaschultz.com.br/2017/05/polainas-com-tranca-trico.html,artigo datado sem nenhuma palavra de vaga na URL
https://www.tolidistribuidora.com.br/blog/polias-litens/,"notícia, curso, produto ou institucional que nunca rendeu vaga"
https://cargos.com.br/cargo/polidor-de-marmore/,"descrição de cargo (salário médio, atribuições), sem vaga"
https://www.linkedin.com/feed/update/urn:li:activity:7433174004770914304,"categoria, tag, autor ou feed de blog"
https://neotermica.com.br/produto/poliuretano-liquido/,"produto, loja ou curso, não é página de vagas"
https://www.megaimagem.com.br/blog/pomada-para-cabelos/,"notícia, curso, produto ou institucional que nunca rendeu vaga"
https://www.uol.com.br/esporte/futebol/ultimas-noticias/2026/06/23/por-que-jogadores-rasgam-os-meioes-especialista-explica.ghtm,artigo datado sem nenhuma palavra de vaga na URL
https://www1.folha.uol.com.br/turismo/2025/09/entenda-por-que-muitos-profissionais-estao-se-tornando-agentes-de-viagens.shtml,artigo datado sem nenhuma palavra de vaga na URL
https://extinpel.com.br/produto/porta-corta-fogo/,"produto, loja ou curso, não é página de vagas"
https://mocelin.ind.br/pt/blog/porta-corta-fogo,"notícia, curso, produto ou institucional que nunca rendeu vaga"
https://portal.ac.senac.br/ps/PS%20004%202026%20-%20RIO%20BRANCO/RIO%20BRANCO%20-%20PROCESSO%20SELETIVO%20004.26%20-%20Comunicado%20-%20Publicar.pdf,"arquivo (PDF, documento ou imagem), não é página"
https://portal.ac.senac.br/ps/PS%20007%202025%20-%20RIO%20BRANCO/RIO%20BRANCO%20-%20PROCESSO%20SELETIVO%20007.25%20-%20Comunicado%20-%20Publicar.pdf,"arquivo (PDF, documento ou imagem), não é página"
https://portal.ac.senac.br/ps/PS%20014%202026%20-%20RIO%20BRANCO/SEDE%20-%20PROCESSO%20SELETIVO%20014.26%20-%20Contador%20-%20Comunicado%20-%20Revisado%20-%20Publicar.pdf,"arquivo (PDF, documento ou imagem), não é página"
https://portal.uern.br/wp-content/uploads/2026/09/Nova-turma-2026.2_PROCESSO-SELETIVO-PARA-OCUPACAO-DE.pdf,"arquivo (PDF, documento ou imagem), não é página"
https://portal.ufvjm.edu.br/dri/noticias/2026/edital-oferta-coletiva_1sem2026-1-rede-andifes.pdf,"arquivo (PDF, documento ou imagem), não é página"
https://crab.sebrae.com.br/canal-crab/artigos/ofo7hzkhszq6otcu89rjt2aj,"notícia, curso, produto ou institucional que nunca rendeu vaga"
https://vestibular.puc-campinas.edu.br/curso/artes-visuais-licenciatura/,"produto, loja ou curso, não é página de vagas"
https://vestibular.puc-campinas.edu.br/curso/ciberseguranca/,"produto, loja ou curso, não é página de vagas"
https://vestibular.puc-campinas.edu.br/curso/design-de-moda/,"produto, loja ou curso, não é página de vagas"
https://vestibular.puc-campinas.edu.br/curso/engenharia-ambiental-e-sanitaria/,"produto, loja ou curso, não é página de vagas"
https://vestibular.puc-campinas.edu.br/curso/engenharia-de-alimentos/,"produto, loja ou curso, não é página de vagas"
https://vestibular.puc-campinas.edu.br/curso/farmacia/,"produto, loja ou curso, não é página de vagas"
https://vestibular.puc-campinas.edu.br/curso/jornalismo/,"produto, loja ou curso, não é página de vagas"
https://vestibular.puc-campinas.edu.br/curso/medicina-veterinaria/,"produto, loja ou curso, não é página de vagas"
https://vestibular.puc-campinas.edu.br/curso/servico-social/,"produto, loja ou curso, não é página de vagas"
https://sesi-to.com.br/editais/,"notícia, curso, produto ou institucional que nunca rendeu vaga"
https://unitri.edu.br/curso/especializacao-em-manejo-do-solo-fertilidade-e-nutricao-vegetal/,"produto, loja ou curso, não é página de vagas"
https://unitri.edu.br/curso/engenharia-agronomica/,"produto, loja ou curso, não é página de vagas"
https://cargos.com.br/cargo/portalo-nas-operacoes-de-maquinas-e-equipamentos-de-elevacao/,"descrição de cargo (salário médio, atribuições), sem vaga"
https://cargos.com.br/cargo/porteiro/,"descrição de cargo (salário médio, atribuições), sem vaga"
https://cargos.com.br/cargo/porteiro-industrial/,"descrição de cargo (salário médio, atribuições), sem vaga"
https://ifemab.com.br/cursos/pos-engenharia-elevadores/,"produto, loja ou curso, não é página de vagas"
https://www.prominasunicadigital.com.br/pos-graduacao/engenharia/engenharia-de-pavimentacao-asfaltica,"produto, loja ou curso, não é página de vagas"
https://saude.galiciaeducacao.com.br/produto/pos-graduacao-em-enfermagem-em-feridas-curativos-e-estomaterapia/,"produto, loja ou curso, não é página de vagas"
https://favenibrasil.com.br/curso/pos-em-hematologia/,"produto, loja ou curso, não é página de vagas"
https://www.posuscs.com.br/curso/desenvolvimento-de-materiais-de-embalagem,"produto, loja ou curso, não é página de vagas"
https://ifemab.com.br/cursos/estruturas-metalicas/,"produto, loja ou curso, não é página de vagas"
https://www.sp.senac.br/pos-graduacao/pos-em-arquitetura-da-paisagem,"produto, loja ou curso, não é página de vagas"
https://repositorio.fag.edu.br/pos/curso/534,"produto, loja ou curso, não é página de vagas"
https://www.sp.senac.br/pos-graduacao/pos-em-design-de-interiores,"produto, loja ou curso, não é página de vagas"
https://www.inbec.com.br/cursos/pos-graduacao-especializacao-infraestrutura-transportes-rodovias,"produto, loja ou curso, não é página de vagas"
https://dev.inbec.com.br/cursos/pos-graduacao-especializacao-engenharia-infraestrutura-rodoviaria-online,"produto, loja ou curso, não é página de vagas"
https://www.academyeducacao.com.br/pos-graduacao/docencia-na-educacao-infantil/,"produto, loja ou curso, não é página de vagas"
https://nespe.com.br/curso/pos-edicao-e-gestao-editorial/,"produto, loja ou curso, não é página de vagas"
https://www.academyeducacao.com.br/pos-graduacao/educacao-de-jovens-e-adultos/,"produto, loja ou curso, não é página de vagas"
https://www.academyeducacao.com.br/pos-graduacao/educacao-infantil/,"produto, loja ou curso, não é página de vagas"
https://www.canaldoserralheiro.com.br/pos-graduacao/,"produto, loja ou curso, não é página de vagas"
https://www.posgraduacaocandidomendes.com.br/curso/ergonomia,"produto, loja ou curso, não é página de vagas"
https://www.academyeducacao.com.br/pos-graduacao/fonoaudiologia-do-trabalho/,"produto, loja ou curso, não é página de vagas"
https://ignosmed.com.br/cursos/pos-graduacao-em-ortopedia-e-traumatologia/,"produto, loja ou curso, não é página de vagas"
https://ignosmed.com.br/cursos/pos-graduacao-ultrassonografia-vascular/,"produto, loja ou curso, não é página de vagas"
https://www.academyeducacao.com.br/pos-graduacao/voleibol/,"produto, loja ou curso, não é página de vagas"
https://institutoarrudacamara.com.br/cursos/pos-graduacao-usg-em-ginecologia-e-obstetricia/,"produto, loja ou curso, não é página de vagas"
https://postecnico.senaibahia.com.br/curso/especializacao-tecnica-em-biotecnologia-vegetal/,"produto, loja ou curso, não é página de vagas"
https://postosmetropolitano.com.br/contato/,"notícia, curso, produto ou institucional que nunca rendeu vaga"
https://inovaveterinaria.com.br/contato/,"notícia, curso, produto ou institucional que nunca rendeu vaga"
https://jcconcursos.uol.com.br/noticia/concursos/prefeitura-cedro-ampliacao-inscricao-123430,"notícia, curso, produto ou institucional que nunca rendeu vaga"
https://ondeir.com.br/noticias/prefeitura-de-gramado-abre-processos-seletivos-para-tecnico-em-informatica-e-operario-ii/,"notícia, curso, produto ou institucional que nunca rendeu vaga"
https://www.pciconcursos.com.br/noticias/prefeitura-de-rio-verde-go-abre-concurso-para-agente-de-transito-e-vistoriador-de-veiculos,"notícia, curso, produto ou institucional que nunca rendeu vaga"
https://www.santanadeparnaiba.sp.gov.br/noticias/materias/18_01_escolinha_de_esportes.html,"notícia, curso, produto ou institucional que nunca rendeu vaga"
https://institutomais.org.br/Concursos/Detalhe/10641,"notícia, curso, produto ou institucional que nunca rendeu vaga"
https://cargos.com.br/cargo/prensador-de-sementes-e-frutas-oleaginosas/,"descrição de cargo (salário médio, atribuições), sem vaga"
https://cargos.com.br/cargo/preparador-de-composicao-de-materia-prima-vidro/,"descrição de cargo (salário médio, atribuições), sem vaga"
https://www.fiemg.com.br/curso/preparador-de-doces-e-conservas/,"produto, loja ou curso, não é página de vagas"
https://cargos.com.br/cargo/preparador-de-esmaltes-ceramica/,"descrição de cargo (salário médio, atribuições), sem vaga"
https://cargos.com.br/cargo/preparador-de-estruturas-de-aco/,"descrição de cargo (salário médio, atribuições), sem vaga"
https://cargos.com.br/cargo/preparador-de-massa-fabricacao-de-vidro/,"descrição de cargo (salário médio, atribuições), sem vaga"
https://cargos.com.br/cargo/preparador-de-massa-ceramica/,"descrição de cargo (salário médio, atribuições), sem vaga"
https://cargos.com.br/cargo/preparador-de-moldes-de-fundicao/,"descrição de cargo (salário médio, atribuições), sem vaga"
https://cargos.com.br/cargo/preparador-de-panelas-lingotamento/,"descrição de cargo (salário médio, atribuições), sem vaga"
https://cargos.com.br/cargo/preparador-de-pastas-na-fabricacao-de-tintas/,"descrição de cargo (salário médio, atribuições), sem vaga"
https://cargos.com.br/cargo/preparador-de-retificadora-sem-centro/,"descrição de cargo (salário médio, atribuições), sem vaga"
https://www.opovo.com.br/noticias/fortaleza/2025/04/22/presidente-do-sinditaxi-e-contra-reducao-nos-horarios-das-faixas-exclusivas.html,artigo datado sem nenhuma palavra de vaga na URL
https://eletricaserpal.com.br/produto/17601-pressurizador-de-agua-bivolt-pl-400p,"produto, loja ou curso, não é página de vagas"
https://primeirapagina.com.br/wp-content/uploads/2026/07/edital-motorista-de-transporte-escolar.pdf,"arquivo (PDF, documento ou imagem), não é página"
https://buonny.com.br/blog/armazenagem-de-graos/,"notícia, curso, produto ou institucional que nunca rendeu vaga"
https://www.guiadacarreira.com.br/faculdades/universidade-de-vassouras-severino-sombra/cursos/processos-escolares,"produto, loja ou curso, não é página de vagas"
https://aemc.org.br/contato/processos-seletivos/,"notícia, curso, produto ou institucional que nunca rendeu vaga"
https://www.linkedin.com/feed/update/urn:li:activity:7467288841561923584,"categoria, tag, autor ou feed de blog"
https://posr7.belasartes.br/pos-graduacao/producao-cultural-e-curadoria-de-conteudo/,"produto, loja ou curso, não é página de vagas"
https://www.rossiportoes.com.br/produtos/portas-automaticas,"produto, loja ou curso, não é página de vagas"
https://cargos.com.br/cargo/produtor-de-flores-de-corte/,"descrição de cargo (salário médio, atribuições), sem vaga"
https://cargos.com.br/cargo/produtor-de-flores-em-vaso/,"descrição de cargo (salário médio, atribuições), sem vaga"
https://sistemafaeg.com.br/noticias/produtor-de-hortalicas-hidroponicas-que-tinha-desistido-do-cultivo-retoma-a-atividade-produzindo-cinco-vezes-mais-com-a-ajuda-da-ateg-do-senar-goias,"notícia, curso, produto ou institucional que nunca rendeu vaga"
https://cargos.com.br/cargo/produtor-de-mamao/,"descrição de cargo (salário médio, atribuições), sem vaga"
https://cargos.com.br/cargo/produtor-de-televisao/,"descrição de cargo (salário médio, atribuições), sem vaga"
https://i9hastes.com.br/produtos/,"produto, loja ou curso, não é página de vagas"
https://camposcasadovidro.com.br/produtos/,"produto, loja ou curso, não é página de vagas"
https://www.medixbrasil.com.br/produtos,"produto, loja ou curso, não é página de vagas"
https://progas.com.br/produtos/page/10/,"categoria, tag, autor ou feed de blog"
https://www.kabum.com.br/produto/1041988/microfone-lapela-sem-fio-duplo-tipo-c-voz-cristalina-hd,"produto, loja ou curso, não é página de vagas"
https://www.kabum.com.br/produto/1042742/smartwatch-microwear-s11-pro-amoled-47mm-gps-nfc-whatsapp-relogio-masculino-feminino-preto,"produto, loja ou curso, não é página de vagas"
https://www.ouropretomineracao.com.br/produtos/,"produto, loja ou curso, não é página de vagas"
https://anandametais.com.br/produtos/telhas-termoacusticas-la-de-rocha-26,"produto, loja ou curso, não é página de vagas"
http://www.signasul.com.br/produtos/cat/5/defensas-metalicas,"produto, loja ou curso, não é página de vagas"
https://cargos.com.br/cargo/professor-de-escolinha-maternal/,"descrição de cargo (salário médio, atribuições), sem vaga"
https://cargos.com.br/cargo/professor-de-jardim-de-infancia-nivel-superior/,"descrição de cargo (salário médio, atribuições), sem vaga"
https://cargos.com.br/cargo/professor-de-quimica-organica-ensino-superior/,"descrição de cargo (salário médio, atribuições), sem vaga"
https://www.sp.senac.br/blog/artigo/profissional-farmaceutico,"notícia, curso, produto ou institucional que nunca rendeu vaga"
https://www.brevant.com/br/blog/artigos/15-profissoes-do-campo-para-voce-ficar-de-olho.html,artigo de lista editorial (ex.: '10 carreiras para...')
https://undb.edu.br/blog/profissoes-para-quem-gosta-de-criancas-escolha-a-sua/,"notícia, curso, produto ou institucional que nunca rendeu vaga"
https://correiodeminas.com.br/2025/09/17/profissoes-verdes-para-quem-ama-a-natureza-e-quer-cultivar-o-planeta/,artigo datado sem nenhuma palavra de vaga na URL
https://isnonline.com.br/2026/09/25/programa-de-monitoramento-da-glicose-passa-a-atender-gestantes-de-alto-risco/,artigo datado sem nenhuma palavra de vaga na URL
https://cargos.com.br/cargo/programador-de-computador/,"descrição de cargo (salário médio, atribuições), sem vaga"
https://cargos.com.br/cargo/programador-de-processamento-de-dados/,"descrição de cargo (salário médio, atribuições), sem vaga"
https://cargos.com.br/cargo/projetista-de-motores/,"descrição de cargo (salário médio, atribuições), sem vaga"
https://cargos.com.br/cargo/projetista-de-sistemas-de-audio/,"descrição de cargo (salário médio, atribuições), sem vaga"
https://eu.dev.br/vagas/1m6jrm1qu4h6mhlc-hitachi-energy-projetista-pleno-subestacoes/,entrada repetida de agregador lido inteiro (fica uma só)
https://abapa.com.br/noticias/projeto-da-abapa-destaca-variedades-promissoras-de-algodao-para-a-bahia/,"notícia, curso, produto ou institucional que nunca rendeu vaga"
https://tribunafm.com.br/noticias/projeto-da-uel-oferece-aulas-gratuitas-de-escalada-indoor-para-a-comunidade-1128453,"notícia, curso, produto ou institucional que nunca rendeu vaga"
https://bahiaeconomica.com.br/wp/2026/04/25/projeto-de-capacitacao-em-costura-industrial-promove-palestra-sobre-mercado-de-trabalho-em-salvador/,artigo datado sem nenhuma palavra de vaga na URL
https://maua.br/pos-graduacao/especializacao-360h/projeto-e-execucao-de-pavimentos-de-concreto,"produto, loja ou curso, não é página de vagas"
https://maua.br/pos-graduacao/atualizacao-120h/projeto-operacoes-manutencao-de-sistemas-de-esgotos-sanitarios,"produto, loja ou curso, não é página de vagas"
http://www.dbrfalantes.com.br/produto/Behringer/PRO-MIXER-DX626,"produto, loja ou curso, não é página de vagas"
https://cargos.com.br/cargo/protesista/,"descrição de cargo (salário médio, atribuições), sem vaga"
https://cargos.com.br/cargo/protetico-dentario/,"descrição de cargo (salário médio, atribuições), sem vaga"
https://prppg.ufes.br/sites/prppg.ufes.br/files/field/anexo/edital_07.2025_dr_ppgbv_-_ps_2026.1_-_final2.pdf,"arquivo (PDF, documento ou imagem), não é página"
https://online.pucrs.br/curso/pos-graduacao/design-de-interiores-decoracao-e-ambientacao-edicao-lancamentos,"produto, loja ou curso, não é página de vagas"
https://bermo.com.br/produtos/purgadores,"produto, loja ou curso, não é página de vagas"
https://www.tigre.com.br/produtos/industrial/transporte-de-fluidos/tubos-e-conexoes-para-processos-industriais/pvc-u-industrial-schedule-80,"produto, loja ou curso, não é página de vagas"
https://isoflex.com.br/categorias/quadro-branco/,"categoria, tag, autor ou feed de blog"
https://unidombosco.edu.br/blog/quais-areas-de-atuacao-para-os-formados-em-arquitetura-e-urbanismo/,"notícia, curso, produto ou institucional que nunca rendeu vaga"
https://galpaodasmaquinas.com.br/blog/plastico/curso-extrusora-de-plastico/,"notícia, curso, produto ou institucional que nunca rendeu vaga"
https://dasa.com.br/blog/coronavirus/qual-a-melhor-mascara-de-protecao-contra-covid-19/,"notícia, curso, produto ou institucional que nunca rendeu vaga"
https://faveni.edu.br/curso/qualificacao-para-o-profissional-do-metodo-pilates/,"produto, loja ou curso, não é página de vagas"
https://www.fiemg.com.br/curso/qualificacao-profissional-ourives/,"produto, loja ou curso, não é página de vagas"
https://grupovision.com.br/noticias/qualificacao-profissional-em-montador-de-paineis-eletricos-industriais/,"notícia, curso, produto ou institucional que nunca rendeu vaga"
https://www.joiaria.com.br/blog/posts/quanto-lucrar-revendendo-prata-925-simulaes-reais-d05a88402473/,"notícia, curso, produto ou institucional que nunca rendeu vaga"
https://forbes.com.br/forbes-agro/2026/07/quem-e-o-engenheiro-formado-no-ita-que-lidera-os-negocios-de-soja-da-bayer-no-brasil/,artigo datado sem nenhuma palavra de vaga na URL
https://aacd.org.br/noticias/profissao-regulamentada-conheca-quem-fabrica-orteses-e-proteses-na-aacd,"notícia, curso, produto ou institucional que nunca rendeu vaga"
https://gcmais.com.br/noticias/2026/06/12/quem-foi-alberone-junior-pioneiro-do-crossfit-no-ceara-e-referencia-da-modalidade-no-brasil,artigo datado sem nenhuma palavra de vaga na URL
https://www.atacadao.com.br/institucional/quem-somos,"notícia, curso, produto ou institucional que nunca rendeu vaga"
https://avcb-eng.com.br/sobre,"notícia, curso, produto ou institucional que nunca rendeu vaga"
https://www.lojagyntotem.com.br/sobre,"notícia, curso, produto ou institucional que nunca rendeu vaga"
https://www.linkedin.com/feed/update/urn:li:activity:7442185138349809664,"categoria, tag, autor ou feed de blog"
https://www.linkedin.com/feed/update/urn:li:activity:7212436142476951554,"categoria, tag, autor ou feed de blog"
https://cargos.com.br/cargo/quimico-quimica-organica/,"descrição de cargo (salário médio, atribuições), sem vaga"
https://cargos.com.br/cargo/quimico-de-curtume/,"descrição de cargo (salário médio, atribuições), sem vaga"
https://cargos.com.br/cargo/quimico-perfumista/,"descrição de cargo (salário médio, atribuições), sem vaga"
https://portalcurso.com.br/curso/isolamento-termico-industrial,"produto, loja ou curso, não é página de vagas"
https://portalcurso.com.br/curso/estetica-automotiva,"produto, loja ou curso, não é página de vagas"
https://portalcurso.com.br/curso/esquadrias-de-aluminio/?lc=go,"produto, loja ou curso, não é página de vagas"
https://www.unip.br/cursos/graduacao/tecnologicos/radiologia.aspx,"produto, loja ou curso, não é página de vagas"
https://www.ucs.br/site/portalcurso/sobre/206/1/1915/,"notícia, curso, produto ou institucional que nunca rendeu vaga"
https://cargos.com.br/cargo/radioterapeuta/,"descrição de cargo (salário médio, atribuições), sem vaga"
https://www.tecnoperfil.com.br/blog/ralo-linear-tudo-o-que-voce-precisa-saber/,"notícia, curso, produto ou institucional que nunca rendeu vaga"
https://www.tigre.com.br/produtos/obras-e-reformas/esgoto/tubos-e-conexoes-para-esgoto/ralos-lineares,"produto, loja ou curso, não é página de vagas"
https://cargos.com.br/cargo/raspador-de-taco/,"descrição de cargo (salário médio, atribuições), sem vaga"
https://rcpisos.com.br/produto/gypsum-superboard-siding-madeira/,"produto, loja ou curso, não é página de vagas"
https://blogbyday.euamotrico.com.br/2021/03/receita-de-polainas-no-trico-tricotando.html,artigo datado sem nenhuma palavra de vaga na URL
https://cargos.com.br/cargo/recreacionista/,"descrição de cargo (salário médio, atribuições), sem vaga"
https://www.linkedin.com/feed/update/urn:li:activity:7495527319785316352,"categoria, tag, autor ou feed de blog"
https://mercadoeconsumo.com.br/26/09/2017/noticias/rede-de-lojas-de-cervejas-artesanais-cresce-6039/,"notícia, curso, produto ou institucional que nunca rendeu vaga"
https://mercosulmotores.com.br/noticias/redutores-e-motorredutores,"notícia, curso, produto ou institucional que nunca rendeu vaga"
https://cargos.com.br/cargo/refinador-de-oleo-e-gordura/,"descrição de cargo (salário médio, atribuições), sem vaga"
https://cargos.com.br/cargo/reformador-de-moveis/,"descrição de cargo (salário médio, atribuições), sem vaga"
https://cargos.com.br/cargo/refratarista-caldeira-e-tubulacoes/,"descrição de cargo (salário médio, atribuições), sem vaga"
https://cargos.com.br/cargo/regador-na-cultura/,"descrição de cargo (salário médio, atribuições), sem vaga"
https://noticiasbotucatu.com.br/2026/05/05/regiao-tera-curso-gratuito-de-tecnicas-para-assentamento-de-revestimentos-ceramicos/,artigo datado sem nenhuma palavra de vaga na URL
https://cargos.com.br/cargo/reparador-de-telefone/,"descrição de cargo (salário médio, atribuições), sem vaga"
https://cargos.com.br/cargo/reporter-de-televisao/,"descrição de cargo (salário médio, atribuições), sem vaga"
https://repositorio.ufu.br/bitstream/123456789/46187/1/Disserta%C3%A7%C3%A3o%20T%C3%A2nia%20Marta%20Dur%C3%A3es.pdf,"arquivo (PDF, documento ou imagem), não é página"
https://cargos.com.br/cargo/reprodutor-de-cliche-impressao-reproducao-plastica/,"descrição de cargo (salário médio, atribuições), sem vaga"
https://advocaciaconcurso.com.br/blog/reprovado-por-miopia-ou-cirurgia-refrativa-em-concurso-da-para-reverter,"notícia, curso, produto ou institucional que nunca rendeu vaga"
https://passapro.com.br/blog/residencia-fisioterapia-2026-uti-cardiorrespiratoria-neurologica,"notícia, curso, produto ou institucional que nunca rendeu vaga"
https://www.grupomedcof.com.br/blog/residencia-em-medicina-do-trabalho/,"notícia, curso, produto ou institucional que nunca rendeu vaga"
https://www.grupomedcof.com.br/blog/residencia-em-nefrologia/,"notícia, curso, produto ou institucional que nunca rendeu vaga"
https://www.rededorsaoluiz.com.br/instituto/idor/cursos/residencia-medica-em-hematologia-e-hemoterapia-sp/,"produto, loja ou curso, não é página de vagas"
https://medprovas.com.br/blog/residencia-medica-medicina-nuclear-imeb/,"notícia, curso, produto ou institucional que nunca rendeu vaga"
https://www.rededorsaoluiz.com.br/instituto/idor/cursos/residencia-medica-em-nefrologia-al/,"produto, loja ou curso, não é página de vagas"
https://www.rededorsaoluiz.com.br/instituto/idor/cursos/residencia-medica-em-ortopedia-ma/,"produto, loja ou curso, não é página de vagas"
https://www.rededorsaoluiz.com.br/instituto/idor/cursos/residencia-medica-em-ortopedia-e-traumatologia-sp/,"produto, loja ou curso, não é página de vagas"
https://www.grupomedcof.com.br/blog/residencia-em-radioterapia/,"notícia, curso, produto ou institucional que nunca rendeu vaga"
https://medcel.com.br/blog/residencia-medica-em-radioterapia-por-que-fazer,"notícia, curso, produto ou institucional que nunca rendeu vaga"
https://faculdademoinhos.com.br/curso/residencia/residencia-multiprofissional-em-saude-atencao-ao-paciente-critico-adulto/,"produto, loja ou curso, não é página de vagas"
https://rolamentosradial.com.br/produto/retentores-radiais/,"produto, loja ou curso, não é página de vagas"
https://cargos.com.br/cargo/retificador-retificadora-cilindrica-externa-e-interna/,"descrição de cargo (salário médio, atribuições), sem vaga"
https://cargos.com.br/cargo/retificador-cnc/,"descrição de cargo (salário médio, atribuições), sem vaga"
https://cargos.com.br/cargo/retificador-de-fieiras/,"descrição de cargo (salário médio, atribuições), sem vaga"
https://cargos.com.br/cargo/revestidor-de-interiores-papel/,"descrição de cargo (salário médio, atribuições), sem vaga"
https://cargos.com.br/cargo/revestidor-de-moveis-de-madeira/,"descrição de cargo (salário médio, atribuições), sem vaga"
https://cargos.com.br/cargo/revestidor-de-superficies-de-concreto/,"descrição de cargo (salário médio, atribuições), sem vaga"
https://www.portobello.com.br/produtos/oasi/field-tile/oasi-roccia-st/120x120-externo/206693E,"produto, loja ou curso, não é página de vagas"
https://revistaportfolio.com.br/post_ver/na-pauta/2026/06/11/dj-carol-emmerick-une-curadoria-musical-e-experiencia-em-eventos-de-alto-padrao,artigo datado sem nenhuma palavra de vaga na URL
https://99empregos.com.br/blog/ri-happy-brinquedos-tem-vagas-em-todas-as-regioes-do-pais-veja/,entrada repetida de agregador lido inteiro (fica uma só)
https://99empregos.com.br/blog/ri-happy-brinquedos-tem-otimas-vagas-de-trabalho-disponiveis-confira/,entrada repetida de agregador lido inteiro (fica uma só)
https://fitatex.com.br/produtos/ribbons/,"produto, loja ou curso, não é página de vagas"
https://rbetiquetaserotulos.com.br/loja/ribbons/ribbons/,"produto, loja ou curso, não é página de vagas"
https://servirprint.com.br/produtos/ribbons/,"produto, loja ou curso, não é página de vagas"
https://www.rigrantec.com.br/noticia/cultivo-protegido-estrategias-e-cuidados-com-estufas-agricolas,"notícia, curso, produto ou institucional que nunca rendeu vaga"
https://www.rigrantec.com.br/noticia/hidroponia-passo-a-passo-guia-para-iniciantes,"notícia, curso, produto ou institucional que nunca rendeu vaga"
https://cargos.com.br/cargo/riscador-de-estruturas-de-aco/,"descrição de cargo (salário médio, atribuições), sem vaga"
https://cargos.com.br/cargo/riscador-de-estruturas-metalicas/,"descrição de cargo (salário médio, atribuições), sem vaga"
https://cargos.com.br/cargo/roadie-assistente-de-palco/,"descrição de cargo (salário médio, atribuições), sem vaga"
https://viuitauna.com.br/2022/07/23/rodrigo-rezende-assume-o-marketing-da-agua-viva/,artigo datado sem nenhuma palavra de vaga na URL
https://www.sabaudia.pr.gov.br/public/admin/globalarq/legislacao/arquivo/0ccLh0o4.pdf,"arquivo (PDF, documento ou imagem), não é página"
https://www1.folha.uol.com.br/mercado/2026/04/safra-de-laranja-cresce-mas-seca-e-praga-fazem-producao-ficar-69-abaixo-do-previsto.shtml,artigo datado sem nenhuma palavra de vaga na URL
https://impe.com.br/blog/publicacoes/530/,"notícia, curso, produto ou institucional que nunca rendeu vaga"
https://www.sp.senac.br/blog/artigo/o-que-faz-um-fotografo-profissional,"notícia, curso, produto ou institucional que nunca rendeu vaga"
https://www1.folha.uol.com.br/cotidiano/2026/02/saiba-quais-as-regras-de-tratamento-para-piscinas-de-academias-clubes-hoteis-e-condominios.shtml,artigo datado sem nenhuma palavra de vaga na URL
https://www.smartia.com.br/blog/regras-para-blindagem-de-carros/,"notícia, curso, produto ou institucional que nunca rendeu vaga"
https://saintnicholashospital.com.br/wp-content/uploads/2026/03/Edital-2026.pdf,"arquivo (PDF, documento ou imagem), não é página"
https://cargos.com.br/cargo/salineiro-na-extracao-empregador/,"descrição de cargo (salário médio, atribuições), sem vaga"
https://cargos.com.br/cargo/salineiro-sal-marinho/,"descrição de cargo (salário médio, atribuições), sem vaga"
https://cargos.com.br/cargo/salsicheiro-fabricacao-de-linguica/,"descrição de cargo (salário médio, atribuições), sem vaga"
https://gpgranitos.com.br/produto/salvatore/,"produto, loja ou curso, não é página de vagas"
https://mapadasfranquias.com.br/noticia/sandaliaria-aposta-em-modelo-flexivel-e-se-consolida-como-a-maior-franquia-multimarcas-de-sandalias-do-brasil/,"notícia, curso, produto ou institucional que nunca rendeu vaga"
https://www.santacasadepenapolis.com.br/portal/editais/0/3/395/,"notícia, curso, produto ou institucional que nunca rendeu vaga"
https://www.santacasavotuporanga.com.br/scv/editais/bd0b251529d0555d0c29a9e5e9738711.pdf,"arquivo (PDF, documento ou imagem), não é página"
https://www.santacasavotuporanga.com.br/scv/editais/16e83c50a04aaf76b48397e2d8ad22f1.pdf,"arquivo (PDF, documento ou imagem), não é página"
https://www.santamarcelinacultura.org.br/wp-content/uploads/2022/08/Edital-300_2022-Cordas-Graves-Valparaiso.pdf,"arquivo (PDF, documento ou imagem), não é página"
https://www.santamarcelinacultura.org.br/wp-content/uploads/2022/08/Edital-302_2022-Metais-Sud-Mennucci.pdf,"arquivo (PDF, documento ou imagem), não é página"
https://abcreporter.com.br/2026/07/14/santo-andre-oferece-curso-gratuito-de-instalacao-de-drywall-em-parceria-com-o-senai/,artigo datado sem nenhuma palavra de vaga na URL
https://www.encontrasaoluisma.com.br/sobre/sao-luis-recebe-a-6a-etapa-do-maranhense-oficial-de-beach-tennis-nesta-semana/,"notícia, curso, produto ou institucional que nunca rendeu vaga"
https://cargos.com.br/cargo/sapateiro-calcados-sob-medida/,"descrição de cargo (salário médio, atribuições), sem vaga"
https://cargos.com.br/cargo/sapateiro-montador/,"descrição de cargo (salário médio, atribuições), sem vaga"
https://satyaescoladeayurveda.com.br/cursos/65ac036f-5721-417a-bb93-fcf9f9c0aa36,"produto, loja ou curso, não é página de vagas"
https://axia.com.br/sobre/sst,"notícia, curso, produto ou institucional que nunca rendeu vaga"
https://sebrae.com.br/content/dam/portal-sebrae/sp/midias/documentos/pdfs/trabalhe-conosco/efetivas/2026/020-2026-er-bauru-analista-de-backoffice/020_2026%20COMUNICADO%20.pdf,"arquivo (PDF, documento ou imagem), não é página"
https://sebrae.com.br/content/dam/portal-sebrae/sp/midias/documentos/pdfs/trabalhe-conosco/efetivas/2026/029-2026-unidade-de-atendimento-ao-cliente-analista-de-planejamento-de-neg%C3%B3cios-junior/029_2026%20COMUNICADO%20EXTERNO%20-%20AMPLA%20CONCORR%C3%8ANCIA%20M3%20(Link%20novo).pdf,"arquivo (PDF, documento ou imagem), não é página"
https://sebrae.com.br/content/dam/portal-sebrae/sp/midias/documentos/pdfs/trabalhe-conosco/EST%C3%81GIO/2026/est%C3%A1gio-2026/E%2033_2026%20-%20Est%C3%A1gio%20-%20Unidade%20de%20Aquisi%C3%A7%C3%B5es%20e%20Credenciamento.pdf,"arquivo (PDF, documento ou imagem), não é página"
https://saojose.br/curso/seguranca-do-trabalho/,"produto, loja ou curso, não é página de vagas"
https://segurancaeletronica.org.br/wp-content/uploads/2026/05/CCT-SINTRASESP-SIESE_2025-MTE.pdf.pdf,"arquivo (PDF, documento ou imagem), não é página"
https://cargos.com.br/cargo/selecionador-de-material-reciclavel/,"descrição de cargo (salário médio, atribuições), sem vaga"
https://portal.ac.senac.br/noticia/senac-acre-abre-processos-seletivos-em-rio-branco,"notícia, curso, produto ou institucional que nunca rendeu vaga"
https://portal.ac.senac.br/noticia/senac-acre-abre-processos-seletivos-para-diversas-areas-em-rio-branco,"notícia, curso, produto ou institucional que nunca rendeu vaga"
https://portal.ac.senac.br/noticia/senac-acre-abre-processos-seletivos-para-designer-grafico-e-orientador-educacional-de-informatica,"notícia, curso, produto ou institucional que nunca rendeu vaga"
https://maisvagases.com.br/59193/,entrada repetida de agregador lido inteiro (fica uma só)
https://maisvagases.com.br/64870/,entrada repetida de agregador lido inteiro (fica uma só)
https://www.senacrs.com.br/noticiadetalhe/2026/07/16/instrumentacao-cirurgica-em-foco-reune-teoria-pratica-e-historias-reais-no-senac-gravatai/bde3c954-8269-46b2-be16-08ced768d044,artigo datado sem nenhuma palavra de vaga na URL
https://www.senacrs.com.br/noticiadetalhe/2026/07/14/senac-canoas-inscreve-para-curso-de-massagista/2f698e85-9ecc-4573-bb6d-fec7510a2720,artigo datado sem nenhuma palavra de vaga na URL
https://portal.senacrs.com.br/noticiadetalhe/2026/07/24/senac-lindoia-promove-novas-edicoes-gratuitas-de-escape-room-com-tematica-dos-anos-90/990b4cfa-c61c-4b70-a6ba-8a14a543c186,artigo datado sem nenhuma palavra de vaga na URL
https://www.senaibahia.com.br/curso/instalacao-de-sensores-e-dispositivos-de-automacao-para-iot/,"produto, loja ou curso, não é página de vagas"
https://www.senaibahia.com.br/curso/instalador-hidraulico/,"produto, loja ou curso, não é página de vagas"
https://www.senaibahia.com.br/curso/operador-de-processamento-de-frutas-e-hortalicas/,"produto, loja ou curso, não é página de vagas"
https://www.senaibahia.com.br/curso/operador-de-processamento-de-graos-e-cereais/,"produto, loja ou curso, não é página de vagas"
https://www.sp.senai.br/noticia/senai-sp-e-potencializee-iniciam-a-capacitacao-de-150-alunos-para-especializacao-gratuita-em-eficiencia-energetica,"notícia, curso, produto ou institucional que nunca rendeu vaga"
https://www.senaibahia.com.br/curso/tecnico-em-edificacoes/,"produto, loja ou curso, não é página de vagas"
https://sistemafaeg.com.br/noticias/senar-goias-oferece-novo-curso-de-criacao-de-peixes-e-camaroes-pela-tecnologia-de-bioflocos,"notícia, curso, produto ou institucional que nunca rendeu vaga"
https://aquidauanaonline.com.br/2025/01/14/senar-ms-oferece-curso-tecnico-gratuito-para-quem-deseja-atuar-no-setor-de-citricultura/,artigo datado sem nenhuma palavra de vaga na URL
https://eu.dev.br/vagas/j88yrazqt70ahip2-united-nations-senior-em-engenharia-de-saneamento-projeto-de-dr/,entrada repetida de agregador lido inteiro (fica uma só)
https://eu.dev.br/vagas/tqvvbi2tw7rfx1ov-vale-senior-em-engenharia-geotecnica-mineracao/,entrada repetida de agregador lido inteiro (fica uma só)
https://cargos.com.br/cargo/serigrafista/,"descrição de cargo (salário médio, atribuições), sem vaga"
https://fagronsolutions.com.br/products/seringas/,"produto, loja ou curso, não é página de vagas"
https://seringueiras.ro.gov.br/wp-content/uploads/2026/04/Edital-Processo-Seletivo-001-Seringueiras.pdf,"arquivo (PDF, documento ou imagem), não é página"
https://cargos.com.br/cargo/seringueiro/,"descrição de cargo (salário médio, atribuições), sem vaga"
https://cargos.com.br/cargo/serrador-usinagem-da-madeira/,"descrição de cargo (salário médio, atribuições), sem vaga"
https://cargos.com.br/cargo/serrador-de-madeira-serra-circular-multipla/,"descrição de cargo (salário médio, atribuições), sem vaga"
https://cargos.com.br/cargo/serralheiro-de-producao/,"descrição de cargo (salário médio, atribuições), sem vaga"
https://cargos.com.br/cargo/servente-de-reflorestamento/,"descrição de cargo (salário médio, atribuições), sem vaga"
https://servicos.compesa.com.br/wp-content/uploads/2024/09/Edital_Selecao_Externa_2024_.pdf,"arquivo (PDF, documento ou imagem), não é página"
https://reymondsolucoes.com.br/servicos/,"notícia, curso, produto ou institucional que nunca rendeu vaga"
https://www.sescalagoas.com.br/admin/wp-content/uploads/2026/04/COMUNICADO-N%C2%B0-017-2026.pdf,"arquivo (PDF, documento ou imagem), não é página"
https://www.sesisp.org.br/evento/bea913fa-2c2b-4765-a2dc-e0e4f0248a2a/arvorismo,"notícia, curso, produto ou institucional que nunca rendeu vaga"
https://www.ecommercebrasil.com.br/noticias/shein-expande-operacao-logistica-no-brasil,"notícia, curso, produto ou institucional que nunca rendeu vaga"
https://siapp.spdm.org.br/sistema/pdf/PROC_SEL_1537.pdf,"arquivo (PDF, documento ou imagem), não é página"
https://sigaa.ufrn.br/sigaa/public/curso/ppp.jsf?id=3156200&lc=pt_BR,"produto, loja ou curso, não é página de vagas"
https://cargos.com.br/cargo/sileiro/,"descrição de cargo (salário médio, atribuições), sem vaga"
https://www.mobilize.org.br/noticias/7604/sinais-de-transito-e-faixas-sao-desrespeitados-por-motoristas-em-avenidas-de-manaus.html,"notícia, curso, produto ou institucional que nunca rendeu vaga"
https://cargos.com.br/cargo/sinaleiro-ponte-rolante/,"descrição de cargo (salário médio, atribuições), sem vaga"
http://www.sintex.org.br/noticia/2025/03/06/karsten-lanca-programa-inedito-de-capacitacao-para-profissionais-de-tecelagem-em-parceria-com-o-senai/,artigo datado sem nenhuma palavra de vaga na URL
https://www.fiemg.com.br/noticias/siprocimg-lanca-showroom-de-produtos-e-derivados-de-cimento/,"notícia, curso, produto ou institucional que nunca rendeu vaga"
https://cargos.com.br/cargo/sirgueiro/,"descrição de cargo (salário médio, atribuições), sem vaga"
https://sistemas.ufg.br/CONCURSOS_WEB/informacoes/concurso/cd_concurso/3486,"notícia, curso, produto ou institucional que nunca rendeu vaga"
https://www.mc-bauchemie.com.br/produtos/nivelamento-e-regulariza%C3%A7%C3%A3o/,"produto, loja ou curso, não é página de vagas"
https://www.sistemaocbmt.coop.br/images/unidades/mt/01._Comunicado_de_Abertura_Processo_Seletivo_-_04.2025.pdf,"arquivo (PDF, documento ou imagem), não é página"
https://stateraengenharia.com.br/2025/12/sistemas-de-fixacao-para-concreto-guia-essencial-para-projetos-solidos/,artigo datado sem nenhuma palavra de vaga na URL
https://www.watertechsolutions.com.br/products/water-purification/industrial-water-purification,"produto, loja ou curso, não é página de vagas"
https://sites.diretasistemas.com.br/sites/1757/wp-content/uploads/2021/08/31095656/Cartilha-Horizonte.pdf,"arquivo (PDF, documento ou imagem), não é página"
https://www.kabum.com.br/produto/551061/smartwatch-haylou-rs5-prata-ls19-tela-amoled-2-01-chamadas-bluetooth-150-modos-esportes,"produto, loja ou curso, não é página de vagas"
https://www.politecsaude.com.br/produtos/snuggle-warm-manta-termica,"produto, loja ou curso, não é página de vagas"
https://www.soaresatacado.com.br/institucional/fale-conosco,"notícia, curso, produto ou institucional que nunca rendeu vaga"
https://trilhos.motiva.com.br/vltrio/sobre/,"notícia, curso, produto ou institucional que nunca rendeu vaga"
https://4redes.com.br/sobre/,"notícia, curso, produto ou institucional que nunca rendeu vaga"
https://viatractorbrasil.com.br/sobre/,"notícia, curso, produto ou institucional que nunca rendeu vaga"
https://biocellbio.com.br/sobre/,"notícia, curso, produto ou institucional que nunca rendeu vaga"
https://www.talentssports.com.br/sobre,"notícia, curso, produto ou institucional que nunca rendeu vaga"
https://agriequipamentos.com.br/blog/sobre-as-esteiras-transportadoras/,"notícia, curso, produto ou institucional que nunca rendeu vaga"
https://www.danf.com.br/sobre/,"notícia, curso, produto ou institucional que nunca rendeu vaga"
https://www.canvi.com.br/sobre,"notícia, curso, produto ou institucional que nunca rendeu vaga"
https://www.iwc.com.br/institucional/sobre-nos,"notícia, curso, produto ou institucional que nunca rendeu vaga"
https://www.mbsurfboards.com.br/sobre,"notícia, curso, produto ou institucional que nunca rendeu vaga"
https://www.mototurbo.com.br/sobre,"notícia, curso, produto ou institucional que nunca rendeu vaga"
https://www.pontualrelojoaria.com.br/sobre,"notícia, curso, produto ou institucional que nunca rendeu vaga"
https://sucosleverger.com.br/sobre/,"notícia, curso, produto ou institucional que nunca rendeu vaga"
https://forbes.com.br/forbes-agro/2025/12/soja-e-biodiesel-puxam-revisao-e-levam-pib-da-cadeia-a-crescer-quase-12-em-2025/,artigo datado sem nenhuma palavra de vaga na URL
https://cargos.com.br/cargo/soldador-a-arco-eletrico/,"descrição de cargo (salário médio, atribuições), sem vaga"
https://cargos.com.br/cargo/soldador-com-macarico-e-arco-eletrico/,"descrição de cargo (salário médio, atribuições), sem vaga"
https://cargos.com.br/cargo/soldador-de-solda-eletrica-e-oxiacetileno/,"descrição de cargo (salário médio, atribuições), sem vaga"
https://cargos.com.br/cargo/soldador-mecanico/,"descrição de cargo (salário médio, atribuições), sem vaga"
https://www.fiemg.com.br/curso/soldador-no-processo-eletrodo-revestido-aco-carbono-e-aco-baixa-liga/,"produto, loja ou curso, não é página de vagas"
https://optbrasil.com.br/servicos/soldas-especiais/,"notícia, curso, produto ou institucional que nunca rendeu vaga"
https://seel.com.br/artigos/solucoes-de-engenharia-para-obras-emergenciais-em-taludes-e-encostas/,"notícia, curso, produto ou institucional que nunca rendeu vaga"
https://cargos.com.br/cargo/soprador-de-convertedor/,"descrição de cargo (salário médio, atribuições), sem vaga"
https://www2.ufjf.br/odontologia/2026/09/03/sorrindo-para-o-futuro-projeto-busca-retomar-higiene-bucal-nas-escolas/,artigo datado sem nenhuma palavra de vaga na URL
https://cargos.com.br/cargo/sound-designer/,"descrição de cargo (salário médio, atribuições), sem vaga"
https://mecanicaonline.com.br/2025/09/stellantis-e-senai-pe-abrem-inscricoes-para-programa-de-qualificacao-profissional/,artigo datado sem nenhuma palavra de vaga na URL
https://www.linkedin.com/feed/update/urn:li:activity:7428119956296286209,"categoria, tag, autor ou feed de blog"
https://www.forte.jor.br/2021/05/29/subprograma-forcas-blindadas-evolucao-permanente/,artigo datado sem nenhuma palavra de vaga na URL
https://cargos.com.br/cargo/sucubeiro/,"descrição de cargo (salário médio, atribuições), sem vaga"
https://www.sume.pb.gov.br/2025/05/oficina-de-puffs-estimula-a-criatividade-nos-usuarios-dos-servicos-socioassistenciais-do-municipio/,artigo datado sem nenhuma palavra de vaga na URL
https://www.assai.com.br/blog/oleaginosas,"notícia, curso, produto ou institucional que nunca rendeu vaga"
https://cargos.com.br/cargo/supervisor-de-andar/,"descrição de cargo (salário médio, atribuições), sem vaga"
https://cargos.com.br/cargo/supervisor-de-extracao-de-sal/,"descrição de cargo (salário médio, atribuições), sem vaga"
https://vocenoqap.com.br/artigos/supervisor-monitoramento-eletronico-decreto-13012.html,"notícia, curso, produto ou institucional que nunca rendeu vaga"
https://cargos.com.br/cargo/supervisor-de-operacoes-turisticas/,"descrição de cargo (salário médio, atribuições), sem vaga"
https://cargos.com.br/cargo/supervisor-de-producao-na-fabricacao-de-produtos-de-vidro/,"descrição de cargo (salário médio, atribuições), sem vaga"
https://cargos.com.br/cargo/supervisor-de-serraria/,"descrição de cargo (salário médio, atribuições), sem vaga"
https://www.uol.com.br/vivabem/noticias/redacao/2024/09/17/supino-reto-entenda-por-que-investir-nesse-exercicio-para-o-peitoral.htm,artigo datado sem nenhuma palavra de vaga na URL
https://www.waves.com.br/noticias/surfe-empreendedor-conheca-a-historia-da-pro-ilha/,"notícia, curso, produto ou institucional que nunca rendeu vaga"
https://gazetaveja.com.br/noticias/sustentabilidade-e-inovacao-como-a-economia-circular-esta-moldando-novas-profissoes-no-setor-de-plasticos,"notícia, curso, produto ou institucional que nunca rendeu vaga"
https://cargos.com.br/cargo/tapeceiro-de-avioes/,"descrição de cargo (salário médio, atribuições), sem vaga"
https://cargos.com.br/cargo/tapeceiro-de-moveis/,"descrição de cargo (salário médio, atribuições), sem vaga"
https://cargos.com.br/cargo/taqueiro/,"descrição de cargo (salário médio, atribuições), sem vaga"
https://cargos.com.br/cargo/tecedor-exclusive-de-tapetes/,"descrição de cargo (salário médio, atribuições), sem vaga"
https://cargos.com.br/cargo/tecelao-exclusive-de-tapetes/,"descrição de cargo (salário médio, atribuições), sem vaga"
https://cargos.com.br/cargo/tecelao-de-malhas-maquina-retilinea/,"descrição de cargo (salário médio, atribuições), sem vaga"
https://cargos.com.br/cargo/tecelao-de-tapecaria-em-tear-manual/,"descrição de cargo (salário médio, atribuições), sem vaga"
https://eu.dev.br/vagas/nd6wst7x1gldd84s-nubank-tech-lead-em-sre-confiabilidade/,entrada repetida de agregador lido inteiro (fica uma só)
https://www.tecnal.ind.br/produto/28/dryer-coolers,"produto, loja ou curso, não é página de vagas"
https://cargos.com.br/cargo/tecnico-de-acabamento-em-siderurgia/,"descrição de cargo (salário médio, atribuições), sem vaga"
https://cargos.com.br/cargo/tecnico-de-alto-forno-em-siderurgia/,"descrição de cargo (salário médio, atribuições), sem vaga"
https://cargos.com.br/cargo/tecnico-de-apoio-a-bioengenharia/,"descrição de cargo (salário médio, atribuições), sem vaga"
https://cargos.com.br/cargo/tecnico-de-balancas-eletronicas/,"descrição de cargo (salário médio, atribuições), sem vaga"
https://cargos.com.br/cargo/tecnico-de-bebidas/,"descrição de cargo (salário médio, atribuições), sem vaga"
https://cargos.com.br/cargo/tecnico-de-camarao/,"descrição de cargo (salário médio, atribuições), sem vaga"
https://cargos.com.br/cargo/tecnico-de-celulose-e-papel/,"descrição de cargo (salário médio, atribuições), sem vaga"
https://cargos.com.br/cargo/tecnico-de-central-termica/,"descrição de cargo (salário médio, atribuições), sem vaga"
https://cargos.com.br/cargo/tecnico-de-enfermagem-em-saude-ocupacional/,"descrição de cargo (salário médio, atribuições), sem vaga"
https://cargos.com.br/cargo/tecnico-de-fundicao-em-siderurgia/,"descrição de cargo (salário médio, atribuições), sem vaga"
https://cargos.com.br/cargo/tecnico-de-gravacao-de-audio/,"descrição de cargo (salário médio, atribuições), sem vaga"
https://cargos.com.br/cargo/tecnico-de-imobilizacao-ortopedica/,"descrição de cargo (salário médio, atribuições), sem vaga"
https://cargos.com.br/cargo/tecnico-de-industria-petroquimica/,"descrição de cargo (salário médio, atribuições), sem vaga"
https://cargos.com.br/cargo/tecnico-de-industria-quimica/,"descrição de cargo (salário médio, atribuições), sem vaga"
https://cargos.com.br/cargo/tecnico-de-linhas-de-acabamento-em-siderurgia/,"descrição de cargo (salário médio, atribuições), sem vaga"
https://cargos.com.br/cargo/tecnico-de-manutencao-industrial/,"descrição de cargo (salário médio, atribuições), sem vaga"
https://cargos.com.br/cargo/tecnico-de-montagem-caldeiraria/,"descrição de cargo (salário médio, atribuições), sem vaga"
https://cargos.com.br/cargo/tecnico-de-painel-de-controle/,"descrição de cargo (salário médio, atribuições), sem vaga"
https://cargos.com.br/cargo/tecnico-de-planejamento-da-industria-metalurgica-estruturas-metalicas/,"descrição de cargo (salário médio, atribuições), sem vaga"
https://cargos.com.br/cargo/tecnico-de-processos-borracha/,"descrição de cargo (salário médio, atribuições), sem vaga"
https://cargos.com.br/cargo/tecnico-de-producao-eletronica/,"descrição de cargo (salário médio, atribuições), sem vaga"
https://cargos.com.br/cargo/tecnico-de-protese-ortopedica/,"descrição de cargo (salário médio, atribuições), sem vaga"
https://cargos.com.br/cargo/tecnico-de-reflorestamento/,"descrição de cargo (salário médio, atribuições), sem vaga"
https://cargos.com.br/cargo/tecnico-de-refrigeracao-instalacao/,"descrição de cargo (salário médio, atribuições), sem vaga"
https://cargos.com.br/cargo/tecnico-de-seguros/,"descrição de cargo (salário médio, atribuições), sem vaga"
https://cargos.com.br/cargo/tecnico-de-sistema-de-tratamento-de-agua/,"descrição de cargo (salário médio, atribuições), sem vaga"
https://cargos.com.br/cargo/tecnico-de-utilidade-producao-e-distribuicao-de-vapor/,"descrição de cargo (salário médio, atribuições), sem vaga"
https://cargos.com.br/cargo/tecnico-eletronico-de-manutencao-industrial/,"descrição de cargo (salário médio, atribuições), sem vaga"
https://cargos.com.br/cargo/tecnico-eletronico-em-geral/,"descrição de cargo (salário médio, atribuições), sem vaga"
https://cargos.com.br/cargo/tecnico-em-acucar-e-alcool/,"descrição de cargo (salário médio, atribuições), sem vaga"
https://cargos.com.br/cargo/tecnico-em-aparelho-gessado/,"descrição de cargo (salário médio, atribuições), sem vaga"
https://cargos.com.br/cargo/tecnico-em-borracha/,"descrição de cargo (salário médio, atribuições), sem vaga"
https://www.fiemg.com.br/curso/tecnico-em-calcados/,"produto, loja ou curso, não é página de vagas"
https://cargos.com.br/cargo/tecnico-em-calibracao/,"descrição de cargo (salário médio, atribuições), sem vaga"
https://cargos.com.br/cargo/tecnico-em-ceramica/,"descrição de cargo (salário médio, atribuições), sem vaga"
https://cargos.com.br/cargo/tecnico-em-curtimento-supervisor-de-primeira-linha/,"descrição de cargo (salário médio, atribuições), sem vaga"
https://cargos.com.br/cargo/tecnico-em-eletroencefalografia/,"descrição de cargo (salário médio, atribuições), sem vaga"
https://cargos.com.br/cargo/tecnico-em-estruturas-metalicas/,"descrição de cargo (salário médio, atribuições), sem vaga"
https://cargos.com.br/cargo/tecnico-em-fibras-opticas/,"descrição de cargo (salário médio, atribuições), sem vaga"
https://cargos.com.br/cargo/tecnico-em-geoquimica/,"descrição de cargo (salário médio, atribuições), sem vaga"
https://ingresso.ifrs.edu.br/2026/cursos/tecnico-em-guia-de-turismo/,"produto, loja ou curso, não é página de vagas"
https://cargos.com.br/cargo/tecnico-em-hemodinamica/,"descrição de cargo (salário médio, atribuições), sem vaga"
https://cargos.com.br/cargo/tecnico-em-hemoterapia/,"descrição de cargo (salário médio, atribuições), sem vaga"
https://cargos.com.br/cargo/tecnico-em-hidrometria-obras-de-saneamento/,"descrição de cargo (salário médio, atribuições), sem vaga"
https://cargos.com.br/cargo/tecnico-em-laboratorio-e-campo-de-construcao-civil/,"descrição de cargo (salário médio, atribuições), sem vaga"
https://cargos.com.br/cargo/tecnico-em-metodos-e-processos-fabricacao-de-ferramentas/,"descrição de cargo (salário médio, atribuições), sem vaga"
https://cargos.com.br/cargo/tecnico-em-metodos-graficos-em-cardiologia/,"descrição de cargo (salário médio, atribuições), sem vaga"
https://cargos.com.br/cargo/tecnico-em-mixagem-de-audio/,"descrição de cargo (salário médio, atribuições), sem vaga"
https://www.sp.senac.br/blog/artigo/tecnico-em-optica,"notícia, curso, produto ou institucional que nunca rendeu vaga"
https://cargos.com.br/cargo/tecnico-em-piscicultura/,"descrição de cargo (salário médio, atribuições), sem vaga"
https://cargos.com.br/cargo/tecnico-em-soldagem/,"descrição de cargo (salário médio, atribuições), sem vaga"
https://cursostecnicos.unipam.edu.br/cursos/index.php?id=9,"produto, loja ou curso, não é página de vagas"
https://cargos.com.br/cargo/tecnico-em-sondagem-obras-de-saneamento/,"descrição de cargo (salário médio, atribuições), sem vaga"
https://cargos.com.br/cargo/tecnico-em-sonorizacao/,"descrição de cargo (salário médio, atribuições), sem vaga"
https://cargos.com.br/cargo/tecnico-em-teclado-musical/,"descrição de cargo (salário médio, atribuições), sem vaga"
https://ingresso.ifrs.edu.br/2026/cursos/tecnico-em-viticultura-e-enologia-integrado-ao-ensino-medio/,"produto, loja ou curso, não é página de vagas"
https://cargos.com.br/cargo/tecnico-grafico/,"descrição de cargo (salário médio, atribuições), sem vaga"
https://cargos.com.br/cargo/tecnico-mecanico-calefacao/,"descrição de cargo (salário médio, atribuições), sem vaga"
https://cargos.com.br/cargo/tecnico-optometrista/,"descrição de cargo (salário médio, atribuições), sem vaga"
https://cargos.com.br/cargo/tecnico-quimico-em-borracha/,"descrição de cargo (salário médio, atribuições), sem vaga"
https://cargos.com.br/cargo/tecnico-textil-tratamentos-quimicos/,"descrição de cargo (salário médio, atribuições), sem vaga"
https://cargos.com.br/cargo/tecnico-textil-de-fiacao/,"descrição de cargo (salário médio, atribuições), sem vaga"
https://cargos.com.br/cargo/tecnico-textil-de-tecelagem/,"descrição de cargo (salário médio, atribuições), sem vaga"
https://ingresso.ifrs.edu.br/2026/cursos/tecnologia-em-viticultura-e-enologia/,"produto, loja ou curso, não é página de vagas"
https://vivisol.com.br/produto/tecnologias-para-oxigenoterapia/,"produto, loja ou curso, não é página de vagas"
https://cargos.com.br/cargo/tecnologo-em-eletronica/,"descrição de cargo (salário médio, atribuições), sem vaga"
https://cargos.com.br/cargo/tecnologo-em-estradas/,"descrição de cargo (salário médio, atribuições), sem vaga"
https://cargos.com.br/cargo/tecnologo-em-mecatronica-industrial/,"descrição de cargo (salário médio, atribuições), sem vaga"
https://cargos.com.br/cargo/tecnologo-em-metalurgia/,"descrição de cargo (salário médio, atribuições), sem vaga"
https://cargos.com.br/cargo/tecnologo-em-processamento-de-carnes/,"descrição de cargo (salário médio, atribuições), sem vaga"
https://cargos.com.br/cargo/tecnologo-em-processos-quimicos/,"descrição de cargo (salário médio, atribuições), sem vaga"
https://cargos.com.br/cargo/tecnologo-em-producao-de-acucar-e-alcool/,"descrição de cargo (salário médio, atribuições), sem vaga"
https://cargos.com.br/cargo/tecnologo-em-producao-joalheira/,"descrição de cargo (salário médio, atribuições), sem vaga"
https://portal.uniasselvi.com.br/graduacao/tecnologo/saneamento-ambiental/semipresencial,"produto, loja ou curso, não é página de vagas"
https://www.windel.com.br/noticia/tef-o-que-e-como-funciona-quem-esta-obrigado-onde-adquirir,"notícia, curso, produto ou institucional que nunca rendeu vaga"
https://flyballoon.com.br/produtos/tela-de-cinema-inflavel-promocional/,"produto, loja ou curso, não é página de vagas"
https://movplan.com.br/blog/tela-retratil-interativa-o-que-e-como-usar-e-como-funciona/,"notícia, curso, produto ou institucional que nunca rendeu vaga"
https://sienge.com.br/blog/telhado-verde/,"notícia, curso, produto ou institucional que nunca rendeu vaga"
https://cargos.com.br/cargo/telhador-telhas-de-argila-e-materiais-similares/,"descrição de cargo (salário médio, atribuições), sem vaga"
https://cargos.com.br/cargo/telhador-telhas-metalicas/,"descrição de cargo (salário médio, atribuições), sem vaga"
https://cargos.com.br/cargo/telhador-telhas-plasticas/,"descrição de cargo (salário médio, atribuições), sem vaga"
https://www.blok.com.br/blog/telhas-sanduiche,"notícia, curso, produto ou institucional que nunca rendeu vaga"
https://cargos.com.br/cargo/telheiro/,"descrição de cargo (salário médio, atribuições), sem vaga"
https://www.temperaprimos.com.br/produtos/vidros-insulado/,"produto, loja ou curso, não é página de vagas"
https://stealthelook.com.br/tag/tendencias-de-esmalte/,"categoria, tag, autor ou feed de blog"
https://cargos.com.br/cargo/tenista-profissional/,"descrição de cargo (salário médio, atribuições), sem vaga"
https://www.amino.com.br/blog/testes-de-qualidade-da-espuma-por-que-sao-tao-importantes/,"notícia, curso, produto ou institucional que nunca rendeu vaga"
https://cargos.com.br/cargo/tingidor-de-couros-e-peles/,"descrição de cargo (salário médio, atribuições), sem vaga"
https://www.eadintec.com.br/blog/tipos-de-curativos-quando-usar,"notícia, curso, produto ou institucional que nunca rendeu vaga"
https://cargos.com.br/cargo/tirador-de-latex/,"descrição de cargo (salário médio, atribuições), sem vaga"
https://revistamind.an9.com.br/musica/2024/09/12/toca-discos-uma-nova-fase-no-legado-musical-da-toca-do-bandido-agora-em-parceria-com-a-universal-music/,artigo datado sem nenhuma palavra de vaga na URL
https://pontodostoldos.com.br/noticias/toldoarticulado,"notícia, curso, produto ou institucional que nunca rendeu vaga"
https://artesanou.com.br/produto/ck-atelier/topo-de-bolo-patins-17d5e2c/NTc5MzUw,"produto, loja ou curso, não é página de vagas"
https://tora.com.br/blog/dia-mundial-do-meio-ambiente-como-a-recapagem-de-pneus-contribui-para-um-transporte-mais-sustentavel/,"notícia, curso, produto ou institucional que nunca rendeu vaga"
https://cursos.senairs.org.br/cursos/qpb0061-torneiro-mecanico/,"produto, loja ou curso, não é página de vagas"
https://ltbasistemas.com.br/noticias/torres-de-resfriamento-cogeracao/,"notícia, curso, produto ou institucional que nunca rendeu vaga"
https://cargos.com.br/cargo/tosador-de-animais-domesticos/,"descrição de cargo (salário médio, atribuições), sem vaga"
https://www.ecommercebrasil.com.br/noticias/total-express-reforca-equipe-de-fulfillment-com-a-chegada-de-carolina-terra-diniz-como-nova-gerente-comercial,"notícia, curso, produto ou institucional que nunca rendeu vaga"
https://cargos.com.br/cargo/trabalhador-da-cultura-de-banana/,"descrição de cargo (salário médio, atribuições), sem vaga"
https://cargos.com.br/cargo/trabalhador-da-cultura-de-goiaba/,"descrição de cargo (salário médio, atribuições), sem vaga"
https://cargos.com.br/cargo/trabalhador-da-cultura-de-laranja-e-outros-citricos/,"descrição de cargo (salário médio, atribuições), sem vaga"
https://cargos.com.br/cargo/trabalhador-da-cultura-de-nectarina/,"descrição de cargo (salário médio, atribuições), sem vaga"
https://cargos.com.br/cargo/trabalhador-da-cultura-de-plantas-ornamentais/,"descrição de cargo (salário médio, atribuições), sem vaga"
https://cargos.com.br/cargo/trabalhador-da-elaboracao-de-pre-fabricados-cimento-amianto/,"descrição de cargo (salário médio, atribuições), sem vaga"
https://cargos.com.br/cargo/trabalhador-da-elaboracao-de-pre-fabricados-concreto-armado/,"descrição de cargo (salário médio, atribuições), sem vaga"
https://cargos.com.br/cargo/trabalhador-da-exploracao-de-ameixeira/,"descrição de cargo (salário médio, atribuições), sem vaga"
https://cargos.com.br/cargo/trabalhador-da-exploracao-de-amesca/,"descrição de cargo (salário médio, atribuições), sem vaga"
https://cargos.com.br/cargo/trabalhador-da-exploracao-de-castanha/,"descrição de cargo (salário médio, atribuições), sem vaga"
https://cargos.com.br/cargo/trabalhador-da-exploracao-de-cerejeira/,"descrição de cargo (salário médio, atribuições), sem vaga"
https://cargos.com.br/cargo/trabalhador-da-exploracao-de-especies-produtoras-de-gomas-nao-elasticas/,"descrição de cargo (salário médio, atribuições), sem vaga"
https://cargos.com.br/cargo/trabalhador-da-exploracao-de-ipe-da-flor-roxa/,"descrição de cargo (salário médio, atribuições), sem vaga"
https://cargos.com.br/cargo/trabalhador-da-fabricacao-de-resinas-e-vernizes/,"descrição de cargo (salário médio, atribuições), sem vaga"
https://cargos.com.br/cargo/trabalhador-da-pecuaria-bovinos-leite/,"descrição de cargo (salário médio, atribuições), sem vaga"
https://cargos.com.br/cargo/trabalhador-da-suinocultura/,"descrição de cargo (salário médio, atribuições), sem vaga"
https://cargos.com.br/cargo/trabalhador-de-confeccoes-de-bijouterias-e-joias-de-fantasia/,"descrição de cargo (salário médio, atribuições), sem vaga"
https://cargos.com.br/cargo/trabalhador-de-fabricacao-de-comprimidos-e-drageas/,"descrição de cargo (salário médio, atribuições), sem vaga"
https://cargos.com.br/cargo/trabalhador-de-fabricacao-de-tintas/,"descrição de cargo (salário médio, atribuições), sem vaga"
https://cargos.com.br/cargo/trabalhador-de-fruticultura-em-geral/,"descrição de cargo (salário médio, atribuições), sem vaga"
https://cargos.com.br/cargo/trabalhador-de-pavimentacao-rodovias/,"descrição de cargo (salário médio, atribuições), sem vaga"
https://cargos.com.br/cargo/trabalhador-de-tapetes-de-nos/,"descrição de cargo (salário médio, atribuições), sem vaga"
https://www.senar-ap.org.br/curso/trabalhador-em-viveiros-de-mudas,"produto, loja ou curso, não é página de vagas"
https://cargos.com.br/cargo/trabalhador-na-cultura-de-amendoim/,"descrição de cargo (salário médio, atribuições), sem vaga"
https://cargos.com.br/cargo/trabalhador-na-cultura-de-roma/,"descrição de cargo (salário médio, atribuições), sem vaga"
https://cargos.com.br/cargo/trabalhador-na-cultura-de-soja/,"descrição de cargo (salário médio, atribuições), sem vaga"
https://cargos.com.br/cargo/trabalhador-na-fabricacao-de-artefatos-de-cimento-amianto/,"descrição de cargo (salário médio, atribuições), sem vaga"
https://cargos.com.br/cargo/trabalhador-na-fabricacao-de-esmeris/,"descrição de cargo (salário médio, atribuições), sem vaga"
https://cargos.com.br/cargo/trabalhador-na-fabricacao-de-produtos-abrasivos/,"descrição de cargo (salário médio, atribuições), sem vaga"
https://cargos.com.br/cargo/trabalhador-na-floricultura-flores-em-vaso/,"descrição de cargo (salário médio, atribuições), sem vaga"
https://cargos.com.br/cargo/trabalhador-na-olericultura-talos/,"descrição de cargo (salário médio, atribuições), sem vaga"
https://cargos.com.br/cargo/trabalhador-na-operacao-de-sistemas-de-irrigacao-e-aspersao-canhao/,"descrição de cargo (salário médio, atribuições), sem vaga"
https://cargos.com.br/cargo/trabalhador-na-operacao-de-sistemas-de-irrigacao-por-superficie-e-drenagem/,"descrição de cargo (salário médio, atribuições), sem vaga"
https://cargos.com.br/cargo/trabalhador-no-cultivo-de-mudas/,"descrição de cargo (salário médio, atribuições), sem vaga"
https://cargos.com.br/cargo/trabalhador-no-cultivo-de-uva-de-vinho-e-suco/,"descrição de cargo (salário médio, atribuições), sem vaga"
https://cargos.com.br/cargo/trabalhador-polivalente-da-confeccao-de-calcados/,"descrição de cargo (salário médio, atribuições), sem vaga"
https://cargos.com.br/cargo/trabalhador-polivalente-do-curtimento-de-couros-e-peles/,"descrição de cargo (salário médio, atribuições), sem vaga"
https://cargos.com.br/cargo/trabalhadores-de-conservacao-de-rodovias/,"descrição de cargo (salário médio, atribuições), sem vaga"
https://www.disneycareers.com/pt-br,site de vagas do exterior (vagas barradas como fora do Brasil)
https://www.linkedin.com/feed/update/urn:li:activity:7239633826421846017,"categoria, tag, autor ou feed de blog"
https://www.linkedin.com/feed/update/urn:li:activity:7272599772178370561,"categoria, tag, autor ou feed de blog"
https://cursos.novaescola.org.br/curso/11390/trabalho-com-jogos-aproveitando-o-interesse-dos-alunos/resumo,"produto, loja ou curso, não é página de vagas"
https://cargos.com.br/cargo/trancador-de-cabos-de-aco/,"descrição de cargo (salário médio, atribuições), sem vaga"
https://monitordomercado.com.br/noticias/373632-transformar-o-lixo-de-grandes-fazendas-em-eletricidade-paga-10-mil-reais-a-tecnicos-do-novo-agronegocio/,"notícia, curso, produto ou institucional que nunca rendeu vaga"
https://carolalmeidacilios.com.br/cursos,"produto, loja ou curso, não é página de vagas"
https://santecautomacao.com.br/produtos/transmissores-de-pressao/,"produto, loja ou curso, não é página de vagas"
https://boxprint.ind.br/contato/transparencia-salarial/,"notícia, curso, produto ou institucional que nunca rendeu vaga"
https://portalunibus.com.br/2026/07/12/deficit-motoristas-transporte-interestadual/,artigo datado sem nenhuma palavra de vaga na URL
https://www.conatusambiental.com.br/blog/tratamento-agua-industrial,"notícia, curso, produto ou institucional que nunca rendeu vaga"
https://cargos.com.br/cargo/trefilador-de-barras-de-metal/,"descrição de cargo (salário médio, atribuições), sem vaga"
https://cargos.com.br/cargo/trefilador-de-borracha/,"descrição de cargo (salário médio, atribuições), sem vaga"
https://faech.com.br/produto/treinamento-funcional-e-cross-training/,"produto, loja ou curso, não é página de vagas"
https://cargos.com.br/cargo/triador-de-material-reciclavel/,"descrição de cargo (salário médio, atribuições), sem vaga"
https://www.linkedin.com/feed/update/urn:li:activity:6925769091399974912,"categoria, tag, autor ou feed de blog"
https://engetubo.com.br/premoldados/category/tubos-de-concreto/,"categoria, tag, autor ou feed de blog"
https://multilit.com.br/categoria/tubos-e-conexoes/,"categoria, tag, autor ou feed de blog"
https://cursoprogressao.com.br/concurso/turma-pro/,"notícia, curso, produto ou institucional que nunca rendeu vaga"
https://www.pciconcursos.com.br/noticias/uerj-abre-concurso-publico-para-professor-adjunto-na-area-de-hematologia,"notícia, curso, produto ou institucional que nunca rendeu vaga"
https://ufcspa.edu.br/documentos/trabalhe-na-ufcspa/isf/2026/OUTROS_IDIOMAS___EDITAL-OFERTA-COLETIVA_2SEM2026-2.pdf,"arquivo (PDF, documento ou imagem), não é página"
https://institucional.ufpel.edu.br/es/cursos/cod/8000,"produto, loja ou curso, não é página de vagas"
https://www.ufrgs.br/sead/wp-content/uploads/Edital_04_Operacao_Camera_Edicao_assinado.pdf,"arquivo (PDF, documento ou imagem), não é página"
https://www.ufsm.br/app/uploads/sites/360/2026/03/edital_bolsista_assinado.pdf,"arquivo (PDF, documento ou imagem), não é página"
https://www.agrobase.com.br/concursos/2026/ufu-mg-concurso-09-2026/,"notícia, curso, produto ou institucional que nunca rendeu vaga"
https://www.ulbra.br/canoas/imprensa/noticia/4657/ulbra-tv-se-afilia-a-tv-cultura,"notícia, curso, produto ou institucional que nunca rendeu vaga"
https://www.rededorsaoluiz.com.br/instituto/idor/cursos/curta-duracao-em-ultrassonografia-puncao-guiada-pocus/,"produto, loja ou curso, não é página de vagas"
https://jornalfatos.com.br/noticia/uma-joia-de-familia-a-historia-da-relojoaria-perola-e-da-geracao-que-decidiu-continuar-o-brilho,"notícia, curso, produto ou institucional que nunca rendeu vaga"
https://umj.edu.br/wp-content/uploads/2026/05/EDITAL-DOCENTE-Arapiraca-e-Maceio-2026.2-1.pdf,"arquivo (PDF, documento ou imagem), não é página"
https://umj.edu.br/wp-content/uploads/2026/06/ERRATA-II-PRORROGACAO-EDITAL-DOCENTE-Arapiraca-e-Maceio-2026.2.pdf,"arquivo (PDF, documento ou imagem), não é página"
https://unifor.br/web/pos-graduacao/-/unifor-promove-aula-inaugural-da-especializacao-em-tecnologia-de-fabricacao-de-biscoitos-bolos-e-torradas,"produto, loja ou curso, não é página de vagas"
https://www1.folha.uol.com.br/mercado/2025/04/unilever-investira-r-410-milhoes-em-fabricas-e-centros-logisticos-no-brasil.shtml,artigo datado sem nenhuma palavra de vaga na URL
https://www.unirp.edu.br/Curso/25/2,"produto, loja ou curso, não é página de vagas"
https://www.unisc.br/pt/noticias/unisc-cria-mascaras-face-shield-para-a-protecao-de-recem-nascidos,"notícia, curso, produto ou institucional que nunca rendeu vaga"
https://www.revistacultivar.com.br/noticias/upl-nomeia-carlos-melo-gerente-de-culturas-no-brasil,"notícia, curso, produto ou institucional que nunca rendeu vaga"
https://uploads.folhabv.com.br/2026/09/EDITAL-PRINCIPAL-DO-SELETIVO-DA-FUNAI.pdf,"arquivo (PDF, documento ou imagem), não é página"
https://www.atlanta.eco.br/servicos/usinagem/,"notícia, curso, produto ou institucional que nunca rendeu vaga"
https://www.agrobase.com.br/concursos/2026/usp-sp-concurso-26-2026/,"notícia, curso, produto ou institucional que nunca rendeu vaga"
https://www.pciconcursos.com.br/noticias/usp-abre-concurso-publico-para-professor-doutor-em-implantodontia,"notícia, curso, produto ou institucional que nunca rendeu vaga"
https://www.empregaradiologia.com.br/blog/post/usp-abre-concurso-publico-para-tecnico-de-radiologia-com-salario-de-r-602772-inscricoes-a-partir-de-julho,"notícia, curso, produto ou institucional que nunca rendeu vaga"
https://hospitalprontodogcat.com.br/servico/4-vacinas-e-vermifugos,"notícia, curso, produto ou institucional que nunca rendeu vaga"
https://www.linkedin.com/feed/update/urn:li:activity:7476330743514796032,"categoria, tag, autor ou feed de blog"
https://www.linkedin.com/feed/update/urn:li:activity:7458623384516558850,"categoria, tag, autor ou feed de blog"
https://programathor.com.br/jobs/33646-engenheiro-de-dados-full-stack,entrada repetida de agregador lido inteiro (fica uma só)
https://employed.com.br/vagas/sao-paulo/vendas/analista-de-contas-medicas-jr-2/572275/,entrada repetida de agregador lido inteiro (fica uma só)
https://employed.com.br/vagas/sao-bernardo-do-campo/alimentacao/chefe-de-secao-acougue/566931/,entrada repetida de agregador lido inteiro (fica uma só)
https://www.linkedin.com/feed/update/urn:li:activity:7308908535700987905,"categoria, tag, autor ou feed de blog"
https://www.opovo.com.br/divirtase/novelas/2025/09/08/vale-tudo-conheca-stella-margarita-autora-das-obras-de-heleninha.html,artigo datado sem nenhuma palavra de vaga na URL
https://portalhortolandia.com.br/cultura-e-lazer/eventos/valinhos-recebe-a-75a-festa-do-figo-e-30a-expogoiaba-com-grandes-shows-e-entrada-gratuita-199706/,"notícia, curso, produto ou institucional que nunca rendeu vaga"
https://flowval.com.br/categoria/valvulas/alivio-seguranca/,"categoria, tag, autor ou feed de blog"
https://vedacit.com.br/para-voce/blog/releases/vedacit-lanca-linha-selantes,"notícia, curso, produto ou institucional que nunca rendeu vaga"
https://meusitejuridico.com.br/2026/02/18/vedacoes-legislativas-no-final-do-mandato/,artigo datado sem nenhuma palavra de vaga na URL
https://www1.folha.uol.com.br/sobretudo/vida-pratica/2017/11/1934535-veja-como-transformar-a-cortina-em-aliada-da-decoracao-de-casa.shtml,artigo datado sem nenhuma palavra de vaga na URL
https://www.linkedin.com/feed/update/urn:li:activity:7503869033801474049,"categoria, tag, autor ou feed de blog"
https://www.linkedin.com/feed/update/urn:li:activity:7442554709292457984,"categoria, tag, autor ou feed de blog"
https://www.linkedin.com/feed/update/urn:li:activity:7428160192342790144,"categoria, tag, autor ou feed de blog"
https://www.linkedin.com/feed/update/urn:li:activity:7503456308654673921,"categoria, tag, autor ou feed de blog"
https://www.vestibulandoweb.com.br/wp-content/uploads/2026/08/guia-carreiras-fuvest-2027.pdf,"arquivo (PDF, documento ou imagem), não é página"
https://www.vetro.com.br/produtos/tubo-pvc-irrigacao,"produto, loja ou curso, não é página de vagas"
https://cargos.com.br/cargo/vidraceiro/,"descrição de cargo (salário médio, atribuições), sem vaga"
https://pkovidros.com.br/produto/vidro-controle-solar/,"produto, loja ou curso, não é página de vagas"
https://www.divinalvidros.com.br/blog/vidro-insulado,"notícia, curso, produto ou institucional que nunca rendeu vaga"
https://www.mauriglass.com.br/produtos/vidros-pintados-laqueados/,"produto, loja ou curso, não é página de vagas"
https://www.saopaulo.sp.leg.br/escoladoparlamento/cursos/cursos-anteriores/cursos-realizados-em-2024/viii-jornada-paulista-de-cerimonial/,"produto, loja ou curso, não é página de vagas"
https://pandami.com.br/blog/visagista-profissional,"notícia, curso, produto ou institucional que nunca rendeu vaga"
https://www.visuri.com.br/institucional/,"notícia, curso, produto ou institucional que nunca rendeu vaga"
https://cargos.com.br/cargo/viveirista-mudas/,"descrição de cargo (salário médio, atribuições), sem vaga"
https://cargos.com.br/cargo/viveirista-de-flores-e-plantas-ornamentais/,"descrição de cargo (salário médio, atribuições), sem vaga"
https://cargos.com.br/cargo/viveirista-florestal/,"descrição de cargo (salário médio, atribuições), sem vaga"
https://www.linkedin.com/feed/update/urn:li:activity:7224404060160892928,"categoria, tag, autor ou feed de blog"
https://www.kestal.com.br/produtos/dossie-dos-ortopedicos-para-esportes/volei-de-praia/,"produto, loja ou curso, não é página de vagas"
https://www.em.com.br/saude/2025/08/7230923-voluntarios-pre-diabeticos.html,artigo datado sem nenhuma palavra de vaga na URL
https://newsacembrasincep.com.br/2025/10/17/biosseguranca-no-setor-funerario-pet-construindo-caminhos/,artigo datado sem nenhuma palavra de vaga na URL
https://www.movement.com.br/produto/wire-cross-smith-rack/,"produto, loja ou curso, não é página de vagas"
https://www.ircadamericalatina.com.br/barretos/cursos/workshop-de-sutura-digestiva-laparoscopica/,"produto, loja ou curso, não é página de vagas"
https://www2.ufjf.br/odontologiagv/wp-content/uploads/sites/377/2026/08/Radiologia-Odontol%C3%B3gica-B%C3%A1sica.pdf,"arquivo (PDF, documento ou imagem), não é página"
https://www2.sanep.com.br/sau_sanep/arquivos/upload/BYsecKhS5lr61VgUMZTdmuqFiozEaN.pdf,"arquivo (PDF, documento ou imagem), não é página"
https://www2.sanep.com.br/sau_sanep/arquivos/upload/zU1Q6XbGyqYZgo7eA4tRSj5a0nmuPp.pdf,"arquivo (PDF, documento ou imagem), não é página"
https://www3.eletronuclear.gov.br/Quem-Somos/Carreiras/Documents/JovemAprendiz2025/EDITAL%20Jovem%20Aprendiz%20%202025.pdf,"arquivo (PDF, documento ou imagem), não é página"
https://www.ype.ind.br/produtos/familias/sabonete-liquido-em-oleo,"produto, loja ou curso, não é página de vagas"
https://www.zetaflex.com.br/produtos/toldos/toldos-aluminio-articulado.aspx,"produto, loja ou curso, não é página de vagas"
https://www.zetaflex.com.br/produtos/toldos/toldos-policarbonato.aspx,"produto, loja ou curso, não é página de vagas"
https://cargos.com.br/cargo/zootecnista/,"descrição de cargo (salário médio, atribuições), sem vaga"
https://empregos.disneycareers.com/,site de vagas do exterior (vagas barradas como fora do Brasil)
https://vindi.com.br/sobre/,"notícia, curso, produto ou institucional que nunca rendeu vaga"
https://avai.com.br/contato/,"notícia, curso, produto ou institucional que nunca rendeu vaga"
https://saqueepague.com.br/sobre,"notícia, curso, produto ou institucional que nunca rendeu vaga"
https://www.intranetmall.com.br/br/contato,"notícia, curso, produto ou institucional que nunca rendeu vaga"
https://www.carbonext.com.br/sobre/,"notícia, curso, produto ou institucional que nunca rendeu vaga"
https://bajaj.com.br/contato/?assunto=carreiras,"notícia, curso, produto ou institucional que nunca rendeu vaga"
https://www.schulz.com.br/pt_BR/contato,"notícia, curso, produto ou institucional que nunca rendeu vaga"
https://solides.com.br/blog/mapa-gestao-pessoas-brasil-2026/?utm_source=site&utm_medium=hello_bar&utm_campaign=Mapa_RH_DP,"notícia, curso, produto ou institucional que nunca rendeu vaga"
https://www.institutomix.com.br/cursos,"produto, loja ou curso, não é página de vagas"
https://megasoft.com.br/contato/,"notícia, curso, produto ou institucional que nunca rendeu vaga"
https://www.visualecommerce.com.br/contato,"notícia, curso, produto ou institucional que nunca rendeu vaga"
https://soulmkt.com.br/v2/contato/,"notícia, curso, produto ou institucional que nunca rendeu vaga"
https://spacenet.com.br/contato/,"notícia, curso, produto ou institucional que nunca rendeu vaga"
https://ivrnet.com.br/servicos/,"notícia, curso, produto ou institucional que nunca rendeu vaga"
https://www.easybus.com.br/contato/index.html,"notícia, curso, produto ou institucional que nunca rendeu vaga"
https://silvergames.com.br/contato/,"notícia, curso, produto ou institucional que nunca rendeu vaga"
https://www.sebrae-sc.com.br/blog,"notícia, curso, produto ou institucional que nunca rendeu vaga"
https://www.baguete.com.br/noticias/abreu-ex-vp-da-ilegra-esta-na-orizon,"notícia, curso, produto ou institucional que nunca rendeu vaga"
https://www.noticiasagricolas.com.br/institucional/,"notícia, curso, produto ou institucional que nunca rendeu vaga"
https://www.inbec.com.br/blog/categorias/Mw==,"categoria, tag, autor ou feed de blog"
https://jornaldaorla.com.br/noticias/colunista/hudson-carvalho/,"notícia, curso, produto ou institucional que nunca rendeu vaga"
https://www.direcaoconcursos.com.br/noticias,"notícia, curso, produto ou institucional que nunca rendeu vaga"
https://webcitizen.com.br/category/trabalho/,"categoria, tag, autor ou feed de blog"
https://app.jobfy.pro/famigliavalduga,entrada repetida de agregador lido inteiro (fica uma só)
https://refugiosurbanos.com.br/sobre/,"notícia, curso, produto ou institucional que nunca rendeu vaga"
https://caocidadao.com.br/contato/,"notícia, curso, produto ou institucional que nunca rendeu vaga"
https://www.jornalmetas.com.br/geral/2025/11/2455720-costakid-audicao-de-dopamina-em-gaspar-marca-nova-fase-e-sonhos-ambiciosos.html,artigo datado sem nenhuma palavra de vaga na URL
https://coc.com.br/contato,"notícia, curso, produto ou institucional que nunca rendeu vaga"
https://www.samarco.com/contato/,"notícia, curso, produto ou institucional que nunca rendeu vaga"
https://ciacity.com.br/contato,"notícia, curso, produto ou institucional que nunca rendeu vaga"
https://triunfologistica.com.br/contato/,"notícia, curso, produto ou institucional que nunca rendeu vaga"
http://www.audioacademy.com.br/loja,"produto, loja ou curso, não é página de vagas"
https://skydivejf.com.br/contato,"notícia, curso, produto ou institucional que nunca rendeu vaga"
https://app.jobfy.pro/voestalpine,entrada repetida de agregador lido inteiro (fica uma só)
https://boanoticiabrasil.com.br/categoria/educacao/,"categoria, tag, autor ou feed de blog"
https://www.wine.com.br/institucional/quem-somos/,"notícia, curso, produto ou institucional que nunca rendeu vaga"
https://danielwisky.com.br/tags/,"categoria, tag, autor ou feed de blog"
https://app.jobfy.pro/firstdecision,entrada repetida de agregador lido inteiro (fica uma só)
https://www.randon.com.br/pt/contato,"notícia, curso, produto ou institucional que nunca rendeu vaga"
https://onlinecurriculo.com.br/blog,"notícia, curso, produto ou institucional que nunca rendeu vaga"
https://francal.com.br/contato/,"notícia, curso, produto ou institucional que nunca rendeu vaga"
https://www.fras-le.com/pt/contato,"notícia, curso, produto ou institucional que nunca rendeu vaga"
https://app.jobfy.pro/vinicolaaurora,entrada repetida de agregador lido inteiro (fica uma só)
https://nonstop.com.br/servicos/,"notícia, curso, produto ou institucional que nunca rendeu vaga"
https://app.jobfy.pro/cscpaulooctavio,entrada repetida de agregador lido inteiro (fica uma só)
http://www.luzartespatchwork.com.br/2012/02/blog-post.html,artigo datado sem nenhuma palavra de vaga na URL
https://tpaempreendimentos.com.br/contato/fale-conosco?trabalheconosco,"notícia, curso, produto ou institucional que nunca rendeu vaga"
https://www.qualittas.com.br/contato,"notícia, curso, produto ou institucional que nunca rendeu vaga"
https://www.wbuy.com.br/contato/,"notícia, curso, produto ou institucional que nunca rendeu vaga"
https://www.opyhealth.com.br/contato,"notícia, curso, produto ou institucional que nunca rendeu vaga"
https://graz.com.br/contato/,"notícia, curso, produto ou institucional que nunca rendeu vaga"
https://www.donadeola.com.br/contato?assunto=trabalhe-conosco,"notícia, curso, produto ou institucional que nunca rendeu vaga"
https://www.editoraevora.com.br/categoria/23227994.html,"categoria, tag, autor ou feed de blog"
https://noticiasdeindaiatuba.com.br/category/emprega-indaiatuba/,"categoria, tag, autor ou feed de blog"
https://www.juliobattisti.com.br/loja/listacategoria.asp?CodigoCategoria=000219,"produto, loja ou curso, não é página de vagas"
https://www.divinofogao.com.br/contato,"notícia, curso, produto ou institucional que nunca rendeu vaga"
https://atacsantos.com.br/contato/,"notícia, curso, produto ou institucional que nunca rendeu vaga"
https://app.jobfy.pro/bbm,entrada repetida de agregador lido inteiro (fica uma só)
https://prepara.com.br/curso/curso-de-ingles,"produto, loja ou curso, não é página de vagas"
https://fatospoliticos.com.br/contato,"notícia, curso, produto ou institucional que nunca rendeu vaga"
https://www.politorno.com.br/contato,"notícia, curso, produto ou institucional que nunca rendeu vaga"
https://vivaomundo.com.br/contato/,"notícia, curso, produto ou institucional que nunca rendeu vaga"
https://www.copelcolchoes.com.br/institucional,"notícia, curso, produto ou institucional que nunca rendeu vaga"
https://demarchi.com.br/contato,"notícia, curso, produto ou institucional que nunca rendeu vaga"
https://jkshoppingdf.com.br/contato/,"notícia, curso, produto ou institucional que nunca rendeu vaga"
https://app.jobfy.pro/ouroeprata,entrada repetida de agregador lido inteiro (fica uma só)
https://guiame.com.br/gospel/noticias/volante-souza-leva-sua-fe-jogadores-fora-dos-campos-deus-me-trouxe-por-um-proposito.html,"notícia, curso, produto ou institucional que nunca rendeu vaga"
https://www.guiasdeeducacao.com.br/blog?cat=carreira-docente,"notícia, curso, produto ou institucional que nunca rendeu vaga"
https://toledol.com.br/contato/,"notícia, curso, produto ou institucional que nunca rendeu vaga"
https://app.jobfy.pro/tacchini,entrada repetida de agregador lido inteiro (fica uma só)
https://edipucrs.com.br/blog,"notícia, curso, produto ou institucional que nunca rendeu vaga"
https://www.ikro.com.br/contato,"notícia, curso, produto ou institucional que nunca rendeu vaga"
https://app.jobfy.pro/supernicolini,entrada repetida de agregador lido inteiro (fica uma só)
https://iks.com.br/contato/,"notícia, curso, produto ou institucional que nunca rendeu vaga"
https://infinityplus.com.br/contato,"notícia, curso, produto ou institucional que nunca rendeu vaga"
https://celebrecorretora.com.br/contato/,"notícia, curso, produto ou institucional que nunca rendeu vaga"
https://infrati.com.br/contato,"notícia, curso, produto ou institucional que nunca rendeu vaga"
